  Year 1  ,  Year 2  ,  Year 3  ,  Year 4  ,  Year 5  
203726.0,279969.0,465303.0,200445.0,96319.0
263845.0,272439.0,2192.0,199901.0,0.0
27726.0,334861.0,82265.0,199954.0,64958.0
293801.0,210117.0,275087.0,199934.0,0.0
297319.0,242569.0,464097.0,200598.0,141285.0
36012.0,296235.0,484943.0,199842.0,0.0
78138.0,308996.0,491647.0,199218.0,127187.0
61767.0,269747.0,23989.0,199771.0,0.0
346503.0,172903.0,41218.0,200827.0,80270.0
149681.0,205417.0,441224.0,199658.0,0.0
123720.0,167191.0,460897.0,200153.0,0.0
230676.0,294281.0,183927.0,199659.0,74583.0
136534.0,289911.0,499992.0,199426.0,91220.0
208694.0,188425.0,379420.0,199493.0,109404.0
40525.0,184165.0,86979.0,200729.0,116621.0
304564.0,207913.0,419935.0,199185.0,74775.0
111033.0,259445.0,245250.0,200098.0,0.0
215524.0,324836.0,406080.0,200396.0,44651.0
376338.0,160573.0,493157.0,199816.0,161056.0
0.0,279188.0,492028.0,199204.0,206326.0
173405.0,259445.0,360912.0,199843.0,16534.0
247673.0,161343.0,15.0,200074.0,274998.0
423913.0,189747.0,48857.0,200125.0,3060.0
267102.0,289394.0,178014.0,199612.0,15356.0
233656.0,284510.0,4262.0,199997.0,0.0
139937.0,302485.0,604.0,199522.0,186081.0
0.0,183896.0,284462.0,200285.0,21003.0
209672.0,168820.0,196976.0,200634.0,136528.0
205091.0,211923.0,33005.0,200369.0,0.0
58720.0,291019.0,154983.0,199902.0,0.0
182856.0,317856.0,405691.0,199882.0,223004.0
451075.0,157029.0,111560.0,200127.0,0.0
225888.0,216414.0,498730.0,199837.0,229993.0
184411.0,211049.0,96843.0,200161.0,26093.0
129992.0,342211.0,44907.0,200251.0,202278.0
0.0,262023.0,21180.0,200550.0,145869.0
160270.0,243724.0,18924.0,199940.0,10185.0
54680.0,260653.0,121537.0,200139.0,20167.0
352234.0,295267.0,322956.0,199488.0,0.0
473775.0,235066.0,483185.0,199882.0,0.0
228093.0,308200.0,222143.0,200006.0,157030.0
236081.0,256445.0,38696.0,199966.0,57217.0
54734.0,276603.0,156442.0,200308.0,52091.0
283125.0,309486.0,70667.0,199236.0,217049.0
78696.0,274460.0,141377.0,199918.0,185788.0
108269.0,203092.0,441688.0,200325.0,141838.0
312472.0,176514.0,177673.0,199949.0,57553.0
140634.0,261998.0,344570.0,200197.0,31237.0
300253.0,230337.0,404196.0,199562.0,0.0
202875.0,250647.0,476672.0,198840.0,145899.0
281928.0,190168.0,69213.0,199302.0,193317.0
100571.0,188947.0,14641.0,200854.0,0.0
312451.0,327047.0,139463.0,200107.0,176606.0
199006.0,187406.0,485445.0,200186.0,130335.0
316660.0,278631.0,378969.0,200108.0,61922.0
171945.0,329846.0,230802.0,200590.0,0.0
228429.0,242525.0,201.0,200440.0,0.0
101281.0,249669.0,390071.0,200080.0,0.0
96657.0,182245.0,218596.0,199425.0,248159.0
159109.0,303368.0,266238.0,200144.0,42877.0
301126.0,281186.0,16073.0,200311.0,35241.0
134392.0,226519.0,415301.0,199391.0,85477.0
248262.0,221159.0,267599.0,199968.0,0.0
64709.0,194373.0,382703.0,200262.0,0.0
103742.0,338280.0,496841.0,200192.0,98625.0
55148.0,212385.0,321733.0,200005.0,0.0
404806.0,284143.0,384223.0,199917.0,92371.0
103569.0,334418.0,253701.0,199326.0,0.0
148585.0,267497.0,390293.0,199353.0,61525.0
187084.0,281853.0,498665.0,199797.0,163449.0
271048.0,203494.0,139854.0,200009.0,130010.0
110562.0,263792.0,12765.0,199993.0,228211.0
65908.0,249860.0,28378.0,200110.0,0.0
232064.0,207106.0,143491.0,200128.0,209450.0
238651.0,241810.0,13808.0,200188.0,0.0
224579.0,204081.0,31492.0,199748.0,33575.0
454024.0,240278.0,252433.0,200427.0,0.0
251872.0,210871.0,350948.0,199702.0,56746.0
152123.0,251834.0,53473.0,199762.0,0.0
149777.0,171043.0,24991.0,199901.0,25128.0
386221.0,311169.0,2728.0,200110.0,69902.0
349746.0,218465.0,305174.0,200301.0,40733.0
103770.0,337021.0,78396.0,199468.0,62688.0
176944.0,343602.0,10167.0,200000.0,166176.0
463676.0,164001.0,15315.0,199306.0,0.0
346363.0,262751.0,231807.0,200403.0,112402.0
176898.0,261477.0,390019.0,200017.0,91990.0
0.0,198234.0,169310.0,200140.0,48856.0
200516.0,175575.0,46340.0,200712.0,0.0
129296.0,349069.0,264375.0,199819.0,164723.0
198687.0,290208.0,497376.0,199583.0,154804.0
217933.0,172248.0,478830.0,200049.0,24401.0
208029.0,196109.0,191798.0,199998.0,0.0
118207.0,292775.0,1435.0,200330.0,25797.0
4698.0,225440.0,499509.0,200696.0,42066.0
197538.0,291268.0,347851.0,200300.0,0.0
10125.0,340540.0,360988.0,199692.0,75217.0
0.0,176978.0,30210.0,200674.0,217350.0
150786.0,180677.0,449883.0,200239.0,43749.0
158608.0,305653.0,185033.0,200281.0,64160.0
66921.0,273421.0,15789.0,200036.0,0.0
151860.0,271547.0,397223.0,199577.0,0.0
242380.0,273722.0,227045.0,199969.0,100926.0
137083.0,170571.0,374816.0,199558.0,57860.0
271867.0,297174.0,433206.0,200091.0,32055.0
183167.0,151695.0,283902.0,199935.0,97801.0
153130.0,286914.0,189336.0,199969.0,33322.0
203114.0,260144.0,332480.0,200562.0,0.0
71096.0,229199.0,49559.0,199884.0,149957.0
107266.0,267008.0,45198.0,199864.0,0.0
380875.0,304021.0,486795.0,200353.0,106216.0
241659.0,304144.0,82812.0,199890.0,88859.0
34237.0,217721.0,17447.0,199648.0,288999.0
41540.0,261856.0,316805.0,200406.0,256441.0
151937.0,226697.0,13648.0,200046.0,0.0
275423.0,262460.0,488374.0,199979.0,85270.0
251419.0,207522.0,193764.0,200769.0,136911.0
90893.0,227148.0,2059.0,199785.0,48988.0
235574.0,195122.0,284443.0,199506.0,67769.0
147911.0,246773.0,494476.0,200189.0,106609.0
231742.0,153307.0,428906.0,200086.0,182946.0
76618.0,295509.0,431935.0,200294.0,0.0
162276.0,273933.0,183107.0,199808.0,9727.0
0.0,332596.0,385908.0,200080.0,27543.0
175854.0,344929.0,315695.0,199912.0,251485.0
173432.0,168916.0,105570.0,199797.0,0.0
387112.0,256115.0,375043.0,200525.0,61921.0
279113.0,170165.0,3474.0,200417.0,182767.0
366008.0,332198.0,284343.0,199384.0,0.0
173623.0,261510.0,448404.0,199159.0,0.0
249192.0,250120.0,214617.0,200480.0,0.0
126636.0,184028.0,460771.0,200550.0,0.0
273903.0,327894.0,35028.0,199294.0,152213.0
266367.0,318997.0,495788.0,199625.0,9006.0
100432.0,292259.0,491310.0,200281.0,35459.0
285506.0,300874.0,1602.0,199839.0,0.0
160529.0,337878.0,219104.0,200415.0,177443.0
225798.0,338783.0,65461.0,200088.0,0.0
226842.0,214924.0,27288.0,200348.0,75804.0
187575.0,323852.0,413161.0,200185.0,150420.0
172392.0,166033.0,293009.0,200362.0,75354.0
291523.0,254154.0,237.0,199262.0,129129.0
293781.0,180225.0,300901.0,199537.0,0.0
302450.0,317726.0,26133.0,199979.0,145912.0
131782.0,345640.0,36953.0,200166.0,151432.0
259958.0,300550.0,96703.0,199985.0,277408.0
142748.0,150459.0,494694.0,199977.0,9542.0
418018.0,210684.0,285869.0,199706.0,77961.0
166493.0,285107.0,138721.0,200596.0,142916.0
42816.0,305679.0,251365.0,200116.0,40045.0
124287.0,322867.0,69311.0,199219.0,200171.0
192615.0,185907.0,255492.0,200173.0,129232.0
196521.0,227780.0,392843.0,200343.0,204441.0
233555.0,156249.0,119962.0,199866.0,0.0
238706.0,312332.0,372176.0,200005.0,219291.0
229576.0,302024.0,204856.0,199958.0,134698.0
267963.0,320516.0,293575.0,199970.0,187198.0
97261.0,294735.0,478977.0,199800.0,241050.0
141069.0,324990.0,152928.0,199529.0,0.0
229362.0,227305.0,420380.0,199413.0,80403.0
173890.0,186542.0,480857.0,200044.0,191970.0
36410.0,160801.0,286255.0,199947.0,0.0
201156.0,157182.0,78247.0,200275.0,0.0
95199.0,234639.0,117916.0,199668.0,117169.0
171838.0,165479.0,437637.0,199977.0,83863.0
273028.0,153645.0,373737.0,200318.0,0.0
0.0,238912.0,397073.0,200278.0,110643.0
201422.0,312356.0,210305.0,199157.0,103446.0
247660.0,333665.0,215455.0,199786.0,61920.0
116729.0,260105.0,496047.0,199383.0,116728.0
235367.0,259573.0,2758.0,200213.0,100438.0
269627.0,311697.0,307018.0,200467.0,52258.0
217051.0,239709.0,149091.0,199865.0,0.0
331832.0,196141.0,31629.0,200163.0,210249.0
385629.0,281558.0,384036.0,199542.0,137927.0
427927.0,220109.0,489252.0,200222.0,58993.0
149092.0,160712.0,491977.0,200009.0,66194.0
277958.0,242637.0,104962.0,199920.0,214324.0
168763.0,242229.0,162625.0,199361.0,0.0
291226.0,169870.0,490652.0,200021.0,119344.0
371948.0,348521.0,147490.0,200220.0,229004.0
9042.0,206695.0,115101.0,200162.0,0.0
304933.0,321295.0,423531.0,199491.0,0.0
0.0,276934.0,275017.0,199997.0,47153.0
221182.0,347698.0,184542.0,199335.0,0.0
329520.0,233422.0,22568.0,200093.0,0.0
127573.0,167969.0,485102.0,200095.0,63082.0
317188.0,290845.0,474100.0,199749.0,0.0
191134.0,218739.0,33805.0,200136.0,0.0
130225.0,231454.0,35311.0,199418.0,286957.0
231319.0,235669.0,499866.0,199777.0,203117.0
106959.0,236009.0,155836.0,200071.0,6108.0
57954.0,338754.0,490540.0,199589.0,0.0
286191.0,164475.0,374895.0,199859.0,0.0
209356.0,164565.0,215445.0,199636.0,80135.0
304273.0,319954.0,162741.0,200267.0,108129.0
85319.0,192964.0,218011.0,199874.0,164757.0
278687.0,204265.0,237666.0,200879.0,152485.0
197783.0,267215.0,7899.0,200089.0,99761.0
209679.0,305791.0,166289.0,199843.0,0.0
257046.0,158058.0,84748.0,200073.0,134996.0
103061.0,321305.0,474041.0,199991.0,154934.0
211512.0,184197.0,409409.0,199714.0,133309.0
140186.0,293284.0,421692.0,200000.0,70646.0
204982.0,327716.0,81959.0,199377.0,199529.0
288154.0,190582.0,62783.0,199520.0,182531.0
77492.0,162070.0,298656.0,200248.0,199592.0
203503.0,163527.0,117186.0,200512.0,38989.0
47913.0,331485.0,44959.0,199978.0,0.0
193486.0,256961.0,376497.0,199768.0,162734.0
214235.0,290618.0,66992.0,199349.0,182538.0
233459.0,163839.0,382926.0,199478.0,211206.0
145425.0,281614.0,42875.0,199994.0,109452.0
68524.0,287102.0,36914.0,200356.0,161304.0
29412.0,287970.0,82820.0,200224.0,0.0
236570.0,166674.0,491633.0,200014.0,0.0
244208.0,269603.0,63696.0,199534.0,120165.0
237515.0,344427.0,169661.0,200834.0,0.0
0.0,260803.0,34160.0,200054.0,78185.0
26980.0,303717.0,207648.0,199628.0,75531.0
352305.0,186510.0,479780.0,200520.0,42124.0
173224.0,221520.0,426418.0,199609.0,0.0
267274.0,327232.0,498608.0,199752.0,31777.0
69418.0,186034.0,31207.0,199592.0,0.0
357414.0,294752.0,459995.0,199277.0,35894.0
211939.0,265900.0,115574.0,199507.0,109051.0
118324.0,307400.0,489925.0,199864.0,0.0
250893.0,254225.0,379983.0,200080.0,0.0
226256.0,151485.0,467459.0,199744.0,166115.0
232360.0,304475.0,404937.0,199549.0,115078.0
271376.0,226472.0,106421.0,199855.0,196252.0
61501.0,309818.0,496028.0,199643.0,73683.0
392881.0,176314.0,167212.0,200058.0,0.0
263576.0,298432.0,97801.0,199269.0,130012.0
198444.0,310175.0,383034.0,200804.0,0.0
209258.0,190398.0,487926.0,199919.0,22045.0
99904.0,230807.0,9532.0,199533.0,0.0
460365.0,195443.0,202842.0,200227.0,170466.0
244264.0,315763.0,436609.0,199759.0,46719.0
94216.0,242462.0,39623.0,200099.0,73957.0
248115.0,333632.0,20794.0,199730.0,84032.0
83729.0,216157.0,489406.0,200122.0,0.0
178728.0,270700.0,7527.0,200660.0,120229.0
217758.0,180429.0,66066.0,199866.0,35615.0
189931.0,222500.0,159352.0,200908.0,0.0
123824.0,234437.0,1734.0,200862.0,0.0
127284.0,317473.0,181610.0,200204.0,42843.0
246226.0,334669.0,58295.0,199466.0,93200.0
157777.0,340438.0,441574.0,200096.0,158543.0
120987.0,289390.0,12128.0,199632.0,0.0
136184.0,229733.0,158145.0,199976.0,65560.0
282994.0,248661.0,1685.0,200285.0,216690.0
348803.0,272271.0,422356.0,199996.0,11142.0
201684.0,205655.0,82069.0,200194.0,127010.0
176300.0,234896.0,41448.0,200665.0,53970.0
11455.0,234793.0,285623.0,200773.0,56361.0
233729.0,246683.0,499790.0,199248.0,0.0
228788.0,282090.0,358024.0,200099.0,103084.0
178721.0,266569.0,324542.0,199663.0,0.0
259597.0,214744.0,373811.0,200665.0,797.0
102075.0,163424.0,499982.0,200542.0,0.0
199033.0,217747.0,1823.0,200032.0,61633.0
288829.0,274224.0,436315.0,199403.0,71133.0
192088.0,333315.0,108380.0,200003.0,122121.0
231863.0,282589.0,355087.0,199861.0,160330.0
163324.0,297202.0,93031.0,199803.0,158901.0
131108.0,303898.0,367015.0,199710.0,18824.0
39794.0,214447.0,125222.0,199763.0,138813.0
259955.0,150562.0,325714.0,199738.0,0.0
247573.0,257974.0,418895.0,200366.0,35605.0
242964.0,220372.0,83656.0,200973.0,162198.0
191572.0,157040.0,420905.0,200144.0,0.0
211196.0,287891.0,338574.0,199863.0,118136.0
218786.0,252095.0,98768.0,200759.0,27316.0
162702.0,188036.0,3944.0,199652.0,131055.0
179506.0,306327.0,284258.0,199801.0,53382.0
163740.0,332834.0,45740.0,200976.0,170903.0
245114.0,301374.0,363277.0,200269.0,29282.0
235714.0,308550.0,356001.0,199565.0,163771.0
308795.0,336142.0,105737.0,200204.0,158281.0
99582.0,153799.0,176099.0,199450.0,88279.0
0.0,291157.0,39601.0,200110.0,109871.0
327116.0,332442.0,349373.0,199803.0,86467.0
260307.0,258725.0,182692.0,200916.0,0.0
193484.0,313915.0,418891.0,199247.0,18991.0
300814.0,184714.0,304646.0,199232.0,0.0
128150.0,226107.0,7647.0,199824.0,0.0
283922.0,154033.0,257944.0,199453.0,12177.0
115712.0,340926.0,14268.0,200036.0,78626.0
378830.0,326010.0,405082.0,200819.0,65512.0
160817.0,335923.0,117867.0,200222.0,212556.0
153831.0,287358.0,421447.0,199322.0,33591.0
269562.0,282033.0,469552.0,200727.0,0.0
299105.0,340933.0,10422.0,201016.0,112806.0
43914.0,330512.0,191728.0,200049.0,211221.0
330889.0,299016.0,17009.0,199604.0,56617.0
184083.0,290097.0,252955.0,200067.0,75061.0
419964.0,273607.0,119139.0,200172.0,117070.0
54389.0,249219.0,442729.0,199870.0,0.0
348315.0,291326.0,161547.0,200166.0,107605.0
334444.0,206263.0,22848.0,199691.0,26594.0
211106.0,255582.0,5269.0,199761.0,20987.0
160160.0,177240.0,18138.0,200390.0,85415.0
276960.0,258618.0,408324.0,200212.0,109279.0
293271.0,297750.0,34129.0,199891.0,147777.0
223466.0,158860.0,62821.0,199586.0,115965.0
74525.0,340488.0,26311.0,199926.0,95435.0
218970.0,210461.0,478883.0,199806.0,60499.0
167897.0,299583.0,399307.0,199272.0,223436.0
87687.0,153837.0,392385.0,200237.0,163915.0
275092.0,180664.0,373303.0,199600.0,0.0
269254.0,247378.0,481912.0,200142.0,65942.0
240198.0,237035.0,433314.0,200162.0,145926.0
211173.0,259014.0,478845.0,199838.0,201169.0
50579.0,177253.0,218576.0,199929.0,146322.0
277191.0,344561.0,1332.0,199594.0,2796.0
257461.0,220166.0,70242.0,200053.0,105835.0
202017.0,281521.0,81812.0,200235.0,21809.0
287491.0,317128.0,185723.0,200660.0,119198.0
129391.0,226361.0,481133.0,200335.0,0.0
81091.0,266039.0,498255.0,200402.0,0.0
67329.0,158321.0,114248.0,200225.0,0.0
110091.0,182920.0,186.0,199248.0,0.0
29344.0,233647.0,140983.0,200068.0,146258.0
150822.0,341686.0,198379.0,199550.0,211141.0
139492.0,194805.0,69740.0,200179.0,83123.0
264039.0,243679.0,442037.0,200597.0,75227.0
261484.0,157162.0,224163.0,199467.0,26118.0
131328.0,223712.0,499843.0,200216.0,38442.0
96311.0,340315.0,102883.0,200557.0,15406.0
8195.0,334242.0,461866.0,200024.0,48542.0
147862.0,327322.0,42159.0,199754.0,57732.0
376033.0,274615.0,397248.0,200297.0,0.0
206024.0,331924.0,7633.0,199488.0,97574.0
211140.0,194803.0,10502.0,199790.0,0.0
256436.0,213118.0,249554.0,200569.0,78954.0
109155.0,298172.0,459247.0,199698.0,102198.0
205101.0,157650.0,298049.0,200184.0,46924.0
284533.0,250493.0,198295.0,199304.0,0.0
276604.0,160304.0,6372.0,200300.0,11789.0
283069.0,240518.0,478370.0,200485.0,221444.0
6831.0,277885.0,52380.0,199548.0,108505.0
182972.0,180138.0,294768.0,200733.0,0.0
0.0,300362.0,250659.0,200239.0,0.0
0.0,174268.0,31678.0,199463.0,164707.0
239959.0,152180.0,151978.0,200504.0,134584.0
194469.0,287492.0,470836.0,199640.0,0.0
414445.0,240959.0,314654.0,199723.0,86122.0
205672.0,320841.0,3378.0,199674.0,132149.0
188676.0,188894.0,494109.0,199433.0,217469.0
271122.0,347308.0,47464.0,200226.0,0.0
113184.0,200965.0,101498.0,200139.0,105254.0
196434.0,172232.0,44185.0,199784.0,24750.0
150094.0,231535.0,184394.0,199694.0,88944.0
208129.0,205708.0,315732.0,199696.0,116124.0
294720.0,200999.0,110691.0,200659.0,0.0
90825.0,209989.0,323816.0,200195.0,0.0
0.0,254928.0,71699.0,199873.0,0.0
422698.0,241229.0,328831.0,200187.0,55762.0
167904.0,283131.0,10536.0,198956.0,0.0
45344.0,343657.0,267909.0,200021.0,187582.0
183009.0,268126.0,494328.0,200580.0,0.0
198723.0,157113.0,3545.0,199852.0,118418.0
158966.0,331439.0,339087.0,200328.0,5425.0
217692.0,315823.0,405062.0,199891.0,73093.0
43342.0,192425.0,124023.0,200394.0,42254.0
333343.0,302408.0,126361.0,200269.0,71138.0
175770.0,183580.0,194675.0,200496.0,83041.0
132178.0,311551.0,467863.0,200332.0,0.0
202434.0,202820.0,314265.0,199516.0,0.0
135315.0,277631.0,479931.0,200356.0,268032.0
37951.0,319575.0,47208.0,200837.0,8366.0
164421.0,153407.0,432615.0,199525.0,48237.0
68522.0,218818.0,4860.0,200800.0,150936.0
256852.0,300114.0,91608.0,200025.0,68471.0
336345.0,329083.0,68398.0,200352.0,0.0
236938.0,244547.0,436699.0,199651.0,21750.0
277829.0,229576.0,177418.0,199889.0,162045.0
0.0,337714.0,448484.0,200121.0,153757.0
318865.0,196672.0,99427.0,199889.0,69027.0
0.0,185615.0,199151.0,200275.0,157345.0
156678.0,279691.0,29132.0,200422.0,0.0
292368.0,244292.0,497905.0,200128.0,0.0
180274.0,204097.0,258009.0,200542.0,80091.0
442501.0,264945.0,219887.0,199919.0,189152.0
122703.0,298511.0,368456.0,200317.0,166240.0
281805.0,155054.0,337597.0,199690.0,0.0
234290.0,161252.0,209049.0,199706.0,65974.0
123073.0,228472.0,475492.0,200489.0,92833.0
182119.0,287204.0,453461.0,199953.0,1837.0
83017.0,339163.0,400585.0,200305.0,9896.0
82653.0,290698.0,289489.0,199864.0,0.0
106930.0,288617.0,36946.0,200017.0,0.0
0.0,322765.0,24082.0,200558.0,144950.0
133909.0,176633.0,258888.0,200230.0,0.0
174201.0,326460.0,496670.0,199497.0,96756.0
30387.0,296833.0,131523.0,200380.0,123638.0
214235.0,156434.0,258853.0,199697.0,0.0
95513.0,235604.0,300124.0,199481.0,98283.0
195798.0,180513.0,9418.0,199751.0,42804.0
113809.0,341693.0,147858.0,199983.0,13830.0
172826.0,188540.0,160767.0,200334.0,0.0
135257.0,323827.0,14581.0,200186.0,31556.0
296426.0,189408.0,371967.0,200724.0,180342.0
104623.0,226124.0,145623.0,200584.0,183912.0
116786.0,286510.0,449491.0,199376.0,0.0
358455.0,199488.0,319405.0,199995.0,0.0
156430.0,219020.0,40059.0,200445.0,58029.0
145770.0,252459.0,178340.0,200186.0,44313.0
27539.0,296177.0,475624.0,199606.0,318431.0
268338.0,158113.0,450444.0,200225.0,204883.0
267425.0,233652.0,5804.0,200210.0,196990.0
33470.0,170243.0,57303.0,199703.0,0.0
158585.0,320188.0,410989.0,200652.0,64586.0
180143.0,245328.0,310612.0,200162.0,0.0
267525.0,206866.0,67891.0,199551.0,135479.0
234384.0,310676.0,131480.0,200029.0,32019.0
140990.0,236586.0,333619.0,199869.0,35152.0
302549.0,287544.0,13138.0,200194.0,179323.0
186738.0,257390.0,499332.0,200219.0,28468.0
60549.0,207450.0,189980.0,200045.0,0.0
185456.0,151246.0,69613.0,200973.0,0.0
97073.0,337447.0,375637.0,199672.0,306208.0
184679.0,270838.0,405751.0,199342.0,121369.0
123655.0,155507.0,101658.0,200121.0,69967.0
103876.0,309043.0,127535.0,199875.0,74428.0
248727.0,312810.0,400399.0,200125.0,169623.0
148644.0,289742.0,47485.0,200224.0,60675.0
86153.0,170578.0,398368.0,199783.0,0.0
67253.0,335689.0,7614.0,199852.0,0.0
228397.0,322656.0,488588.0,200214.0,283333.0
353190.0,315007.0,70577.0,200133.0,42710.0
193822.0,259752.0,495817.0,199440.0,291771.0
291079.0,151444.0,117789.0,200009.0,24900.0
117906.0,276493.0,21322.0,200454.0,134974.0
175091.0,188645.0,28929.0,199552.0,0.0
210391.0,343448.0,140388.0,200165.0,0.0
295428.0,287296.0,302339.0,199552.0,176611.0
262808.0,298733.0,498976.0,200442.0,171317.0
259172.0,247955.0,52129.0,199701.0,91111.0
175307.0,277243.0,464288.0,199799.0,99194.0
132467.0,253702.0,28710.0,200462.0,92696.0
358359.0,242104.0,494643.0,199530.0,96171.0
76835.0,326972.0,183157.0,199915.0,41900.0
0.0,234643.0,253012.0,200546.0,11965.0
50377.0,334332.0,303317.0,200199.0,22690.0
277473.0,196541.0,425361.0,199840.0,178834.0
122824.0,283133.0,372187.0,199962.0,98708.0
355844.0,343995.0,452165.0,200525.0,0.0
210769.0,343596.0,35237.0,200512.0,152974.0
254318.0,220860.0,219574.0,199746.0,123205.0
156432.0,262277.0,2086.0,200815.0,107668.0
199626.0,261679.0,349759.0,200457.0,161709.0
386917.0,280985.0,374313.0,199373.0,0.0
194939.0,186177.0,43147.0,199290.0,21569.0
287389.0,209722.0,56738.0,200109.0,0.0
47835.0,235867.0,370440.0,200057.0,154102.0
134519.0,234033.0,465702.0,199362.0,117452.0
130619.0,214830.0,466598.0,199698.0,61201.0
200823.0,298416.0,44128.0,200369.0,0.0
268238.0,164096.0,477098.0,199865.0,38799.0
32506.0,249231.0,312356.0,200058.0,0.0
230566.0,151695.0,290475.0,200176.0,55612.0
142049.0,177512.0,88361.0,199380.0,113705.0
49397.0,198530.0,42937.0,200019.0,50056.0
293924.0,326986.0,87619.0,200262.0,0.0
221292.0,225247.0,172494.0,200431.0,103811.0
146130.0,150096.0,8942.0,199895.0,80984.0
111502.0,151777.0,491387.0,199974.0,89081.0
316433.0,316986.0,152.0,200520.0,0.0
383621.0,287879.0,235629.0,200178.0,43586.0
156447.0,293003.0,488587.0,200828.0,213319.0
128149.0,216057.0,205.0,200108.0,0.0
178395.0,225430.0,72901.0,199960.0,90967.0
131968.0,208677.0,316977.0,200519.0,0.0
397721.0,322697.0,72649.0,199918.0,68292.0
347369.0,219502.0,33449.0,200268.0,137054.0
152930.0,192706.0,13552.0,200139.0,103014.0
89155.0,317022.0,366541.0,200223.0,68443.0
346648.0,208998.0,83419.0,199929.0,136003.0
230305.0,174286.0,18133.0,200324.0,208960.0
320633.0,274479.0,320574.0,201068.0,229199.0
332624.0,158275.0,497790.0,200389.0,0.0
86661.0,228036.0,398996.0,200520.0,0.0
101477.0,185232.0,494722.0,199992.0,105056.0
280630.0,322475.0,19657.0,200789.0,10665.0
82086.0,263861.0,1066.0,199770.0,38327.0
91361.0,325786.0,23602.0,200081.0,78060.0
314115.0,157523.0,69692.0,200368.0,36146.0
186091.0,191856.0,308616.0,200472.0,31074.0
217359.0,334462.0,915.0,200516.0,21618.0
229964.0,301257.0,375650.0,199975.0,93426.0
100407.0,266857.0,432224.0,199644.0,0.0
133238.0,243593.0,2717.0,199618.0,0.0
178710.0,288464.0,497328.0,199612.0,4682.0
107650.0,177749.0,468415.0,199692.0,101102.0
298153.0,262931.0,1443.0,199482.0,86694.0
175165.0,245687.0,156980.0,200041.0,194253.0
384242.0,286545.0,39216.0,199932.0,0.0
97005.0,262467.0,239819.0,199509.0,207702.0
272790.0,323245.0,178513.0,200647.0,25164.0
53072.0,172059.0,64580.0,200294.0,100975.0
268626.0,325487.0,206360.0,199807.0,105361.0
244500.0,258406.0,499115.0,200416.0,79219.0
270100.0,205317.0,133872.0,200197.0,0.0
124156.0,212240.0,483052.0,200007.0,0.0
222713.0,245329.0,495316.0,199482.0,0.0
260080.0,243055.0,495506.0,200656.0,67663.0
190839.0,226186.0,60918.0,199780.0,164179.0
209753.0,282791.0,51730.0,200196.0,219432.0
207110.0,165755.0,327104.0,199964.0,30623.0
306430.0,292678.0,11167.0,199697.0,0.0
145611.0,187115.0,196261.0,199913.0,237500.0
128937.0,289830.0,3489.0,199483.0,0.0
101915.0,265784.0,497945.0,199975.0,0.0
23650.0,201948.0,15630.0,199365.0,67833.0
285291.0,338771.0,202036.0,200395.0,0.0
359047.0,270662.0,310199.0,200005.0,141752.0
131865.0,296216.0,154742.0,199508.0,0.0
246995.0,282550.0,268784.0,200231.0,142965.0
98386.0,315219.0,452816.0,200078.0,15700.0
115745.0,176658.0,30431.0,200331.0,29696.0
204687.0,347931.0,5288.0,199821.0,0.0
259097.0,170817.0,1625.0,199649.0,0.0
158788.0,333922.0,54963.0,200232.0,56029.0
93039.0,319746.0,55487.0,199587.0,142973.0
189963.0,172616.0,405667.0,199850.0,0.0
168461.0,253609.0,164575.0,200314.0,0.0
227673.0,340272.0,15926.0,199662.0,22875.0
339274.0,201949.0,380382.0,199596.0,113104.0
345960.0,255019.0,163778.0,200552.0,61413.0
290894.0,299919.0,11382.0,199479.0,0.0
73066.0,343404.0,38752.0,199994.0,0.0
268277.0,190123.0,409941.0,200623.0,127723.0
55508.0,165643.0,450425.0,199496.0,0.0
318633.0,242654.0,413334.0,199420.0,119412.0
255042.0,196956.0,359463.0,199380.0,67799.0
208856.0,165692.0,325483.0,199953.0,0.0
133471.0,219796.0,499655.0,200178.0,0.0
158550.0,166760.0,217.0,199285.0,191219.0
278817.0,340456.0,346181.0,199416.0,221222.0
94562.0,302787.0,362313.0,200131.0,0.0
170157.0,271514.0,494081.0,200199.0,206740.0
33783.0,265381.0,35489.0,199628.0,137875.0
185039.0,212234.0,30255.0,199771.0,167110.0
42308.0,241979.0,481189.0,199909.0,0.0
225057.0,181077.0,251752.0,200540.0,131273.0
228941.0,215785.0,477457.0,198949.0,0.0
231169.0,286163.0,231156.0,199847.0,50409.0
126101.0,339582.0,468694.0,199447.0,68992.0
152426.0,304597.0,490759.0,199402.0,67858.0
2499.0,270361.0,499977.0,200578.0,0.0
247131.0,232392.0,85681.0,199421.0,0.0
211540.0,242252.0,351855.0,199934.0,0.0
256952.0,338258.0,64533.0,200135.0,69723.0
288419.0,262453.0,96809.0,199846.0,155533.0
81163.0,274130.0,487665.0,199960.0,0.0
114738.0,307440.0,468425.0,199314.0,89320.0
251449.0,305029.0,33286.0,199788.0,23788.0
133277.0,203001.0,155300.0,200073.0,0.0
200933.0,293449.0,204212.0,200048.0,31239.0
188160.0,167986.0,168342.0,199918.0,98863.0
90951.0,254802.0,459422.0,199880.0,0.0
249808.0,188831.0,496174.0,199800.0,2984.0
210927.0,221783.0,3354.0,199218.0,0.0
132093.0,310004.0,9153.0,199471.0,51427.0
100902.0,192134.0,265044.0,199482.0,122008.0
227371.0,168145.0,193.0,199888.0,31961.0
243733.0,342123.0,479765.0,199931.0,0.0
244222.0,160338.0,98378.0,199832.0,0.0
139153.0,315309.0,80279.0,200267.0,80605.0
305943.0,294242.0,185764.0,199570.0,50470.0
204986.0,241086.0,447407.0,199958.0,162514.0
275028.0,311231.0,14539.0,200585.0,0.0
189076.0,174024.0,379216.0,200261.0,110201.0
213501.0,295066.0,187311.0,200143.0,0.0
100402.0,274543.0,415588.0,199820.0,21705.0
23432.0,321722.0,386517.0,199962.0,185130.0
275488.0,249937.0,499980.0,200642.0,48077.0
192420.0,156781.0,368496.0,200189.0,153518.0
149907.0,196948.0,14234.0,199360.0,86455.0
153361.0,306997.0,171202.0,200192.0,155816.0
108057.0,197866.0,57898.0,200597.0,97134.0
86307.0,227859.0,263649.0,200504.0,117447.0
270024.0,288249.0,104992.0,200071.0,0.0
303735.0,191812.0,329331.0,199107.0,150936.0
175316.0,304782.0,104654.0,199553.0,65764.0
47851.0,325207.0,373990.0,199530.0,148757.0
185485.0,301976.0,206476.0,200232.0,0.0
280828.0,335847.0,413304.0,200015.0,96227.0
264490.0,181951.0,106756.0,199654.0,62363.0
216096.0,195604.0,2305.0,199954.0,181022.0
366548.0,203302.0,78942.0,200065.0,105072.0
239027.0,337357.0,217748.0,200298.0,104000.0
107861.0,328075.0,244347.0,200054.0,159680.0
301767.0,197082.0,455341.0,199831.0,17368.0
285819.0,224228.0,82534.0,200256.0,159530.0
75795.0,284648.0,279102.0,200582.0,117014.0
415067.0,264572.0,467585.0,199807.0,0.0
234862.0,255166.0,138537.0,199116.0,16527.0
301571.0,333534.0,493745.0,200065.0,56835.0
173506.0,220685.0,487516.0,200258.0,76888.0
250604.0,294080.0,488669.0,200164.0,10859.0
273122.0,347814.0,8708.0,200269.0,109327.0
362541.0,221438.0,369135.0,199760.0,95355.0
273551.0,229363.0,492715.0,199671.0,0.0
142905.0,331360.0,13040.0,200075.0,196948.0
132248.0,285576.0,248061.0,200402.0,185538.0
38526.0,247067.0,423854.0,199819.0,125609.0
241293.0,309002.0,22633.0,199961.0,0.0
274001.0,276184.0,479529.0,199828.0,24749.0
97423.0,325891.0,478327.0,200482.0,62601.0
101226.0,191767.0,10798.0,200052.0,130195.0
167931.0,153371.0,487030.0,199646.0,205466.0
166930.0,197759.0,95836.0,200321.0,79826.0
123444.0,292200.0,9646.0,199561.0,27817.0
173429.0,319002.0,498459.0,200494.0,121932.0
169448.0,225402.0,443480.0,200295.0,0.0
64834.0,348262.0,25046.0,200143.0,0.0
170301.0,309333.0,499986.0,200122.0,14620.0
306884.0,160974.0,1666.0,199941.0,0.0
269281.0,241385.0,234711.0,200185.0,81564.0
52284.0,175275.0,19908.0,199753.0,7114.0
143831.0,348312.0,487462.0,199941.0,0.0
210521.0,211999.0,192201.0,200072.0,71665.0
382195.0,310082.0,486533.0,200268.0,0.0
231644.0,255417.0,297976.0,200201.0,18443.0
164076.0,237874.0,420019.0,200795.0,0.0
16517.0,271025.0,413771.0,200635.0,3316.0
159788.0,301761.0,477658.0,199962.0,1487.0
208775.0,282411.0,452110.0,200183.0,38679.0
87356.0,234999.0,128471.0,199159.0,74686.0
157904.0,249845.0,96273.0,200391.0,0.0
183989.0,248252.0,90012.0,200382.0,0.0
219826.0,263221.0,248493.0,199620.0,135280.0
98452.0,337487.0,413027.0,199639.0,122211.0
101791.0,156073.0,3974.0,200016.0,51173.0
188704.0,223114.0,2040.0,200037.0,148074.0
203892.0,253141.0,437501.0,200216.0,48087.0
333285.0,176019.0,29106.0,199980.0,77363.0
232035.0,309532.0,348712.0,200077.0,0.0
84302.0,224970.0,91.0,199146.0,0.0
196096.0,322259.0,362566.0,200660.0,24341.0
161186.0,314820.0,5917.0,199669.0,36898.0
123753.0,260972.0,136786.0,199896.0,84884.0
225544.0,339858.0,402149.0,200200.0,0.0
157565.0,169924.0,445087.0,200033.0,0.0
183838.0,348485.0,165885.0,199722.0,0.0
172210.0,345134.0,205751.0,200063.0,0.0
143787.0,229235.0,490810.0,200120.0,91193.0
154837.0,219533.0,127068.0,199953.0,125959.0
279392.0,312706.0,18806.0,200071.0,175995.0
335251.0,197356.0,128114.0,200046.0,145916.0
120290.0,187549.0,95148.0,199750.0,0.0
261818.0,151200.0,120000.0,199914.0,303912.0
118550.0,294786.0,31605.0,200519.0,69071.0
91284.0,218084.0,375255.0,199628.0,147184.0
171345.0,337852.0,499206.0,199871.0,100281.0
264237.0,342076.0,27759.0,199806.0,0.0
383734.0,314500.0,39255.0,200351.0,23915.0
163783.0,337081.0,478875.0,198917.0,19249.0
419065.0,284951.0,313473.0,199831.0,49139.0
185425.0,182823.0,92884.0,200169.0,0.0
211496.0,227834.0,245349.0,199300.0,6535.0
211749.0,184058.0,162161.0,200191.0,0.0
201710.0,203418.0,36883.0,200278.0,25555.0
268458.0,290106.0,4896.0,200113.0,159377.0
243022.0,326179.0,43809.0,199976.0,16120.0
157054.0,335398.0,243269.0,199524.0,0.0
84946.0,248425.0,438005.0,200514.0,0.0
383732.0,269740.0,467229.0,199617.0,172220.0
353022.0,221921.0,136402.0,200222.0,119817.0
199979.0,191347.0,1006.0,199680.0,0.0
69769.0,341377.0,207693.0,199313.0,191936.0
328090.0,294989.0,322568.0,199562.0,78096.0
177487.0,205080.0,221653.0,200020.0,0.0
170731.0,304709.0,323511.0,200735.0,37814.0
323837.0,329807.0,314719.0,200237.0,0.0
85787.0,187870.0,28.0,199837.0,59561.0
0.0,185654.0,48254.0,199797.0,99049.0
87098.0,170351.0,67178.0,199684.0,160182.0
115767.0,299204.0,480921.0,200796.0,39003.0
145649.0,153129.0,220678.0,200360.0,141089.0
94367.0,172751.0,20898.0,199679.0,0.0
217335.0,185085.0,109387.0,199495.0,35842.0
112164.0,168534.0,10942.0,200053.0,228407.0
224107.0,238711.0,29202.0,199623.0,91738.0
164178.0,329819.0,493364.0,199394.0,0.0
340660.0,341644.0,460569.0,200302.0,18312.0
162374.0,212511.0,427743.0,199864.0,75247.0
128009.0,239929.0,269791.0,200404.0,71615.0
279948.0,259118.0,111724.0,199422.0,175058.0
83392.0,218581.0,465241.0,200184.0,0.0
209299.0,185286.0,145911.0,200902.0,7610.0
247757.0,306264.0,6203.0,199311.0,0.0
301526.0,301439.0,29631.0,199583.0,39293.0
256969.0,308866.0,349172.0,200244.0,17961.0
140814.0,223349.0,425287.0,200179.0,0.0
216793.0,202224.0,7177.0,200686.0,0.0
154421.0,312919.0,1090.0,200011.0,62394.0
70055.0,266648.0,87182.0,199463.0,0.0
194424.0,308203.0,487146.0,200542.0,195082.0
259132.0,300909.0,47002.0,199996.0,0.0
64924.0,253103.0,105974.0,200003.0,117462.0
260811.0,170933.0,48370.0,200184.0,147663.0
68319.0,316185.0,466520.0,199692.0,0.0
110714.0,305678.0,411890.0,200429.0,1176.0
92062.0,185539.0,116819.0,200292.0,16644.0
226521.0,232604.0,91974.0,199879.0,132888.0
228009.0,315269.0,183019.0,200234.0,21895.0
156013.0,200208.0,13037.0,199833.0,132227.0
215830.0,192161.0,53418.0,199660.0,88335.0
166111.0,168390.0,185225.0,199753.0,215544.0
125285.0,186748.0,32931.0,201113.0,0.0
310342.0,270359.0,479743.0,200111.0,52597.0
325595.0,203238.0,499754.0,200648.0,521.0
107808.0,290649.0,457187.0,200232.0,98794.0
298642.0,318210.0,455238.0,199648.0,0.0
78836.0,155403.0,370694.0,201219.0,38768.0
209723.0,238911.0,338647.0,200680.0,37738.0
166232.0,153164.0,165842.0,199535.0,22066.0
195278.0,190660.0,483583.0,199533.0,116846.0
314194.0,190019.0,244663.0,200281.0,82080.0
294130.0,271216.0,116420.0,200345.0,312300.0
39635.0,318218.0,494205.0,199844.0,0.0
190922.0,252767.0,17124.0,199733.0,0.0
160705.0,302570.0,377126.0,199863.0,0.0
289978.0,320039.0,8561.0,199881.0,44760.0
280753.0,155950.0,490416.0,200068.0,26870.0
186740.0,301457.0,83156.0,199621.0,110541.0
158951.0,162963.0,319795.0,200396.0,79236.0
110109.0,152667.0,44760.0,199470.0,0.0
306380.0,252143.0,189373.0,199976.0,252415.0
166522.0,294468.0,7029.0,200299.0,48261.0
296192.0,219281.0,432793.0,200450.0,61295.0
143739.0,268004.0,357018.0,199799.0,227477.0
76686.0,325945.0,297317.0,199994.0,176915.0
129188.0,198996.0,262203.0,199317.0,2474.0
50529.0,318620.0,358962.0,200352.0,0.0
28670.0,341683.0,10015.0,199874.0,248249.0
310860.0,185237.0,229335.0,199968.0,0.0
205766.0,257388.0,457906.0,199740.0,62134.0
93272.0,220582.0,475510.0,200813.0,113394.0
360941.0,182777.0,442585.0,199938.0,0.0
161835.0,229288.0,290801.0,200642.0,128297.0
70565.0,265481.0,23510.0,199957.0,196682.0
193558.0,209262.0,496804.0,200484.0,10635.0
173024.0,184953.0,346021.0,200386.0,90600.0
100731.0,156738.0,460220.0,199690.0,60763.0
49300.0,292095.0,70940.0,199312.0,0.0
78235.0,274149.0,428154.0,200197.0,15883.0
164623.0,300728.0,434717.0,199636.0,0.0
256273.0,300515.0,357230.0,199700.0,0.0
0.0,154382.0,345225.0,199879.0,83388.0
225094.0,182272.0,104987.0,200082.0,19482.0
226978.0,319069.0,15151.0,200381.0,29219.0
188734.0,340378.0,498227.0,199839.0,42511.0
380576.0,202718.0,455486.0,200374.0,69168.0
152593.0,336427.0,114025.0,199470.0,0.0
247071.0,189037.0,24093.0,199799.0,189445.0
194062.0,199371.0,148324.0,199713.0,132124.0
330680.0,257009.0,31215.0,199717.0,0.0
187775.0,173502.0,454877.0,200059.0,105805.0
122992.0,172428.0,108157.0,199707.0,0.0
307075.0,288939.0,255656.0,200621.0,0.0
41110.0,260044.0,491993.0,199082.0,206500.0
384902.0,253578.0,92236.0,200204.0,130258.0
253200.0,252940.0,14285.0,200242.0,0.0
168462.0,276996.0,354490.0,200310.0,0.0
12857.0,336877.0,85488.0,200060.0,0.0
0.0,276225.0,343652.0,199846.0,26724.0
414451.0,324749.0,88676.0,200277.0,138747.0
183664.0,234965.0,21941.0,200139.0,232341.0
229847.0,155547.0,214061.0,200181.0,0.0
242585.0,283979.0,127963.0,200463.0,27968.0
220766.0,209032.0,156.0,200264.0,49619.0
125533.0,182255.0,312922.0,199482.0,69694.0
347309.0,178094.0,355051.0,200330.0,87545.0
222377.0,208247.0,8269.0,199769.0,15816.0
312643.0,248027.0,475901.0,200490.0,0.0
261314.0,263944.0,471987.0,199677.0,142091.0
202537.0,215379.0,381012.0,199953.0,178870.0
101375.0,226623.0,319718.0,199227.0,34784.0
263708.0,226617.0,416313.0,199982.0,60188.0
133242.0,164063.0,245556.0,199677.0,0.0
278696.0,169306.0,247596.0,200152.0,0.0
72581.0,228483.0,300471.0,200084.0,0.0
189486.0,214013.0,144520.0,200240.0,0.0
63522.0,309564.0,147201.0,200381.0,0.0
305186.0,222832.0,460317.0,199855.0,0.0
358713.0,338300.0,10.0,200282.0,91556.0
314717.0,287263.0,405638.0,199967.0,61028.0
500219.0,201415.0,390592.0,200258.0,0.0
76847.0,324898.0,250751.0,199983.0,15907.0
242214.0,292899.0,489748.0,200259.0,17468.0
269040.0,266056.0,225838.0,200365.0,197073.0
182555.0,170397.0,490963.0,199425.0,238004.0
150129.0,253176.0,17689.0,200118.0,73795.0
254307.0,163618.0,233047.0,200288.0,2244.0
268657.0,249886.0,491514.0,199444.0,31620.0
187023.0,290407.0,41898.0,200161.0,138160.0
160212.0,214685.0,11547.0,199916.0,10838.0
209715.0,298772.0,498828.0,200595.0,58369.0
384832.0,247710.0,465357.0,200080.0,83872.0
272482.0,268605.0,47942.0,199734.0,0.0
170184.0,285009.0,322839.0,199907.0,186526.0
166716.0,188953.0,140587.0,200632.0,0.0
0.0,302881.0,217621.0,199550.0,113985.0
357474.0,348458.0,20578.0,200400.0,231344.0
177669.0,312652.0,8232.0,200373.0,200580.0
273734.0,332635.0,480324.0,199865.0,133854.0
46581.0,347877.0,400581.0,200354.0,70474.0
250806.0,269979.0,65363.0,200155.0,99362.0
254060.0,256879.0,2331.0,199342.0,22251.0
125435.0,190254.0,410281.0,199898.0,0.0
299272.0,192926.0,473342.0,199732.0,194093.0
241029.0,277043.0,31767.0,199992.0,0.0
351682.0,224515.0,169386.0,200175.0,0.0
131224.0,308771.0,499038.0,199933.0,14845.0
417580.0,327852.0,236994.0,200781.0,17443.0
93177.0,233113.0,118779.0,199707.0,148408.0
119950.0,162182.0,10728.0,200231.0,71047.0
0.0,252324.0,1268.0,199919.0,0.0
215046.0,338375.0,49843.0,199590.0,0.0
162815.0,319187.0,13520.0,200488.0,148253.0
363277.0,326412.0,283430.0,200155.0,13613.0
281032.0,192954.0,415676.0,199466.0,75152.0
145242.0,234724.0,383428.0,199445.0,0.0
84108.0,275167.0,94865.0,200254.0,86352.0
90484.0,315262.0,63496.0,200059.0,12906.0
206178.0,152663.0,47588.0,200293.0,17380.0
204283.0,243002.0,24136.0,200459.0,0.0
160175.0,223531.0,289582.0,200040.0,0.0
132086.0,194966.0,140589.0,200418.0,83148.0
143987.0,223566.0,385840.0,200053.0,229823.0
103524.0,219670.0,399316.0,199801.0,132935.0
126740.0,290797.0,139919.0,200424.0,43438.0
86290.0,211363.0,93426.0,199891.0,87763.0
200702.0,205759.0,397419.0,199553.0,272335.0
339027.0,164183.0,145780.0,199546.0,0.0
208399.0,160883.0,10265.0,199782.0,75229.0
12215.0,176462.0,135171.0,200243.0,0.0
374399.0,293878.0,144.0,200301.0,77531.0
213495.0,315182.0,29541.0,199820.0,270211.0
319976.0,324802.0,396063.0,200208.0,85406.0
276385.0,254867.0,58288.0,199889.0,178627.0
94672.0,298598.0,474126.0,199733.0,242229.0
335435.0,338435.0,387588.0,199729.0,73902.0
160234.0,325240.0,436261.0,199415.0,160890.0
102273.0,192427.0,438348.0,200115.0,70899.0
239844.0,170136.0,117169.0,199879.0,108013.0
271436.0,257739.0,1640.0,199880.0,81509.0
180445.0,246283.0,20799.0,200858.0,4815.0
192166.0,282703.0,213.0,199626.0,0.0
204986.0,240465.0,499109.0,199725.0,5807.0
320904.0,240804.0,468267.0,200348.0,0.0
190088.0,247501.0,215499.0,200009.0,57786.0
293805.0,257064.0,171610.0,200235.0,198786.0
80172.0,224594.0,499288.0,200013.0,208011.0
187918.0,274274.0,458142.0,200450.0,0.0
142876.0,325199.0,451620.0,199842.0,0.0
166225.0,257659.0,378396.0,200259.0,103252.0
204909.0,229679.0,18645.0,199767.0,121278.0
172966.0,348566.0,438181.0,199525.0,122401.0
27827.0,326147.0,255890.0,200225.0,0.0
48630.0,210280.0,207064.0,199940.0,56024.0
0.0,180576.0,303902.0,200224.0,168447.0
340349.0,195152.0,157432.0,200633.0,29725.0
142109.0,307972.0,406391.0,200249.0,186710.0
199564.0,236964.0,182905.0,199687.0,0.0
240637.0,296005.0,311671.0,199959.0,119462.0
296161.0,171965.0,278034.0,199865.0,0.0
126987.0,298749.0,374938.0,200319.0,227673.0
305524.0,287106.0,36959.0,200578.0,43471.0
224162.0,167508.0,157425.0,199588.0,100233.0
177017.0,230050.0,52848.0,199985.0,124392.0
222413.0,276744.0,5.0,200580.0,0.0
235481.0,246364.0,192553.0,199913.0,96983.0
224999.0,199668.0,207306.0,199806.0,0.0
184115.0,332299.0,156882.0,200557.0,91126.0
313332.0,308218.0,27483.0,199880.0,91183.0
207052.0,300988.0,433156.0,200235.0,37481.0
104862.0,312946.0,171482.0,199702.0,84668.0
224331.0,332957.0,338780.0,199494.0,32617.0
12073.0,194163.0,148653.0,199396.0,205619.0
248529.0,330272.0,429689.0,199460.0,23379.0
174888.0,322510.0,59897.0,199929.0,120752.0
245506.0,250892.0,283518.0,199795.0,261350.0
212287.0,170651.0,16449.0,200437.0,161977.0
368445.0,313285.0,383307.0,200436.0,262727.0
88142.0,306816.0,420581.0,199432.0,117404.0
135751.0,348084.0,208189.0,199942.0,3195.0
108938.0,209017.0,42059.0,199917.0,145351.0
127953.0,317027.0,15850.0,199650.0,69379.0
341096.0,261083.0,334033.0,199946.0,71986.0
189839.0,312118.0,329194.0,200127.0,86151.0
166934.0,264809.0,223540.0,199896.0,157557.0
218722.0,239816.0,361763.0,200555.0,0.0
197237.0,294169.0,494020.0,199676.0,134782.0
86786.0,220804.0,63453.0,199926.0,59740.0
184350.0,347257.0,454445.0,199380.0,3670.0
254497.0,328364.0,466055.0,199617.0,136706.0
274335.0,244582.0,391101.0,200262.0,62947.0
80333.0,156513.0,7729.0,199799.0,181149.0
262691.0,280721.0,435824.0,199673.0,24696.0
116450.0,300364.0,274018.0,199782.0,75807.0
376528.0,313445.0,486669.0,200046.0,97718.0
355959.0,176790.0,29666.0,199984.0,80979.0
203442.0,219537.0,15994.0,199352.0,217956.0
72263.0,216993.0,884.0,199601.0,0.0
317570.0,171257.0,377023.0,199907.0,49577.0
0.0,298005.0,387840.0,199643.0,121306.0
311133.0,238413.0,25598.0,199313.0,0.0
7626.0,326533.0,77070.0,200032.0,139401.0
268564.0,349329.0,496663.0,200162.0,65978.0
182804.0,169611.0,148344.0,199488.0,70411.0
201209.0,269509.0,493695.0,200335.0,97921.0
148073.0,189539.0,497214.0,199535.0,78774.0
212827.0,164740.0,224049.0,199470.0,0.0
417678.0,273338.0,136356.0,200214.0,0.0
406453.0,291220.0,499096.0,200007.0,156637.0
179870.0,319604.0,484172.0,199871.0,107744.0
317703.0,193970.0,265094.0,199569.0,54881.0
87659.0,183278.0,474124.0,199384.0,104129.0
221087.0,290925.0,106304.0,200473.0,0.0
328016.0,156934.0,328902.0,200224.0,294115.0
241475.0,302617.0,88933.0,199576.0,297697.0
250960.0,322732.0,426856.0,199695.0,0.0
170194.0,289402.0,96180.0,199753.0,97379.0
206533.0,248191.0,499124.0,199970.0,159731.0
41812.0,300454.0,428473.0,199716.0,32104.0
212926.0,168631.0,427763.0,200186.0,5455.0
326131.0,227960.0,497971.0,200057.0,70019.0
44263.0,223210.0,9097.0,199752.0,77628.0
73415.0,166364.0,476754.0,200373.0,81164.0
171342.0,197439.0,21451.0,199975.0,225108.0
232168.0,265162.0,466344.0,199663.0,15639.0
266431.0,151148.0,468551.0,200073.0,0.0
0.0,174219.0,10356.0,200223.0,5502.0
53543.0,346507.0,364822.0,199636.0,0.0
142170.0,245948.0,16536.0,200277.0,0.0
94440.0,204048.0,224576.0,199892.0,29798.0
373686.0,256042.0,79767.0,199739.0,259468.0
105960.0,200055.0,378951.0,199192.0,214302.0
68115.0,150848.0,1073.0,200009.0,125282.0
95421.0,319883.0,122781.0,200714.0,71230.0
159046.0,181177.0,427032.0,200145.0,0.0
161337.0,227205.0,349732.0,200318.0,15579.0
66275.0,279910.0,483996.0,199630.0,75013.0
299564.0,300105.0,92172.0,200416.0,0.0
259890.0,174737.0,9311.0,199624.0,123613.0
232617.0,322840.0,475270.0,200236.0,220806.0
286396.0,158329.0,210277.0,200216.0,292953.0
251611.0,279440.0,109401.0,200163.0,78058.0
185905.0,171120.0,388283.0,199561.0,0.0
128340.0,158313.0,214155.0,200583.0,0.0
231807.0,213690.0,349623.0,200122.0,8237.0
189929.0,160199.0,399976.0,200406.0,104489.0
207204.0,193570.0,9420.0,200476.0,61213.0
142406.0,229437.0,345882.0,200437.0,104034.0
236426.0,186483.0,483821.0,200154.0,161196.0
327373.0,183694.0,316785.0,200005.0,177460.0
128581.0,334440.0,3291.0,199673.0,120886.0
37855.0,308287.0,479004.0,199925.0,114381.0
232759.0,243158.0,343680.0,200297.0,336858.0
201399.0,266947.0,27107.0,200376.0,39733.0
271041.0,206263.0,225959.0,199701.0,379330.0
80821.0,196969.0,7297.0,199462.0,104496.0
23580.0,205517.0,340713.0,200302.0,80798.0
99998.0,346625.0,451555.0,200606.0,0.0
225867.0,303221.0,227638.0,199020.0,0.0
383872.0,344580.0,326067.0,200427.0,43166.0
43246.0,248063.0,1.0,199548.0,0.0
138221.0,157928.0,60096.0,200048.0,0.0
301828.0,190332.0,125203.0,199579.0,211669.0
326581.0,337123.0,25764.0,199648.0,0.0
183947.0,266640.0,330889.0,200307.0,31818.0
60938.0,307841.0,499990.0,200317.0,41552.0
141063.0,347526.0,460527.0,200087.0,148019.0
303186.0,320037.0,467533.0,199997.0,75449.0
119388.0,230722.0,89604.0,200005.0,182340.0
208740.0,301821.0,423852.0,199455.0,257235.0
134735.0,157404.0,227298.0,200413.0,3263.0
49193.0,271920.0,405465.0,200301.0,50178.0
187788.0,232348.0,497962.0,199861.0,0.0
80796.0,237567.0,288163.0,199782.0,38123.0
265660.0,155878.0,496812.0,200304.0,0.0
408269.0,231188.0,451141.0,199888.0,0.0
226072.0,249012.0,499805.0,199483.0,68421.0
315426.0,242451.0,170310.0,200296.0,27576.0
160288.0,200369.0,486421.0,200065.0,133655.0
204652.0,192860.0,499323.0,200143.0,776.0
217575.0,349912.0,7652.0,200281.0,72738.0
201873.0,183348.0,457185.0,200081.0,40394.0
124223.0,227655.0,432433.0,199584.0,83294.0
242057.0,330306.0,159071.0,200420.0,109960.0
233565.0,338997.0,305243.0,199488.0,0.0
195465.0,342009.0,394970.0,200659.0,30461.0
291192.0,336522.0,498419.0,200268.0,0.0
241078.0,240170.0,101801.0,200446.0,14274.0
153832.0,165499.0,1355.0,200224.0,30829.0
246811.0,211762.0,495418.0,200253.0,107030.0
72686.0,220799.0,93992.0,200479.0,130119.0
382095.0,298488.0,217843.0,200073.0,23159.0
186698.0,261229.0,39103.0,200180.0,57451.0
343506.0,289234.0,280154.0,199045.0,38078.0
252736.0,342047.0,63836.0,200500.0,0.0
230466.0,237925.0,474825.0,199545.0,55285.0
301508.0,205885.0,487245.0,199722.0,56973.0
199707.0,308850.0,428486.0,200340.0,80180.0
304507.0,288917.0,378057.0,199964.0,37909.0
244631.0,162475.0,334323.0,199305.0,102089.0
158412.0,248734.0,493667.0,200227.0,0.0
277874.0,296257.0,260452.0,199900.0,0.0
264714.0,344724.0,445270.0,199858.0,0.0
269884.0,348476.0,379516.0,199820.0,0.0
293102.0,345291.0,497651.0,200573.0,0.0
90367.0,258782.0,36976.0,199558.0,0.0
266968.0,233877.0,197976.0,199839.0,208519.0
271027.0,198241.0,101891.0,199817.0,54714.0
205240.0,311120.0,45977.0,200427.0,228491.0
228586.0,269518.0,461401.0,200727.0,0.0
186232.0,263385.0,10539.0,200259.0,239775.0
395648.0,173066.0,251866.0,199733.0,29543.0
232810.0,342481.0,468474.0,199992.0,0.0
218716.0,236926.0,268721.0,199985.0,0.0
155776.0,331356.0,21247.0,200359.0,106928.0
238237.0,156208.0,77239.0,200068.0,54790.0
83367.0,164204.0,472818.0,199809.0,24233.0
328489.0,240374.0,377314.0,199621.0,62949.0
331741.0,216252.0,275815.0,200023.0,108253.0
109626.0,252653.0,19385.0,200212.0,0.0
15009.0,177588.0,399555.0,199461.0,0.0
201191.0,239699.0,263175.0,199764.0,150004.0
382103.0,330165.0,499027.0,200286.0,43257.0
202829.0,158374.0,206632.0,199768.0,161955.0
362428.0,178914.0,450997.0,200116.0,0.0
187367.0,240422.0,296216.0,200451.0,0.0
205909.0,173138.0,391454.0,199287.0,93427.0
160007.0,234427.0,343318.0,199834.0,57237.0
226335.0,256665.0,51449.0,200278.0,153168.0
405219.0,152210.0,8838.0,199459.0,0.0
240199.0,315284.0,308718.0,200197.0,19313.0
120236.0,231772.0,419997.0,200193.0,31304.0
331099.0,162171.0,477159.0,200410.0,77601.0
307716.0,318208.0,18128.0,200413.0,0.0
252853.0,161606.0,233318.0,199839.0,95567.0
196065.0,215591.0,471742.0,200116.0,97342.0
179486.0,335936.0,442862.0,200215.0,17970.0
43230.0,166818.0,56297.0,200419.0,5404.0
215525.0,217107.0,151635.0,199392.0,38925.0
158194.0,162886.0,28427.0,199800.0,8266.0
392158.0,177249.0,498340.0,200532.0,14230.0
302293.0,167194.0,77914.0,199762.0,0.0
137966.0,155538.0,15610.0,200499.0,0.0
89796.0,333120.0,94969.0,199926.0,85997.0
77861.0,301357.0,452588.0,199565.0,0.0
148690.0,193704.0,247634.0,200137.0,156330.0
0.0,176407.0,2259.0,199948.0,188280.0
248611.0,274400.0,139699.0,200240.0,0.0
222996.0,208820.0,327967.0,200102.0,0.0
0.0,183679.0,1798.0,200512.0,95137.0
226566.0,192116.0,499635.0,200417.0,48284.0
15801.0,157431.0,319515.0,200489.0,94500.0
153632.0,231995.0,343954.0,200309.0,0.0
144244.0,281757.0,16589.0,199720.0,152318.0
358144.0,322464.0,32020.0,200004.0,0.0
289189.0,207620.0,388508.0,200338.0,0.0
307077.0,153258.0,439168.0,200575.0,23413.0
270730.0,193894.0,13982.0,200349.0,142867.0
221502.0,159842.0,480003.0,199588.0,85883.0
175066.0,195376.0,404116.0,200439.0,97730.0
151739.0,195638.0,447643.0,200213.0,138375.0
238589.0,220572.0,443525.0,199789.0,0.0
281667.0,185794.0,406685.0,200111.0,0.0
262177.0,321354.0,495764.0,199390.0,47399.0
47347.0,317149.0,177375.0,199751.0,198563.0
366165.0,260257.0,446887.0,199948.0,54283.0
278903.0,248033.0,7394.0,199922.0,0.0
285004.0,292475.0,44489.0,200591.0,70637.0
217171.0,327192.0,350715.0,199586.0,34033.0
200510.0,228643.0,271302.0,199885.0,62787.0
158378.0,284707.0,191269.0,200678.0,0.0
174684.0,228529.0,41988.0,199982.0,47732.0
254368.0,222617.0,40778.0,199830.0,0.0
248179.0,174101.0,471624.0,199589.0,26052.0
351001.0,333776.0,329643.0,200699.0,82176.0
210371.0,221858.0,60457.0,199960.0,50364.0
65648.0,339748.0,446938.0,200395.0,115858.0
382443.0,186645.0,262550.0,199946.0,44776.0
116751.0,194042.0,211709.0,199420.0,0.0
140211.0,177035.0,41076.0,200121.0,0.0
73300.0,153721.0,405640.0,200128.0,50550.0
258411.0,168377.0,441565.0,200181.0,83623.0
382939.0,205575.0,2166.0,199711.0,72313.0
99384.0,211488.0,422299.0,199874.0,0.0
316485.0,347004.0,697.0,199238.0,0.0
306794.0,275402.0,407465.0,199333.0,1696.0
151738.0,214824.0,402399.0,200700.0,0.0
277210.0,255556.0,277630.0,200498.0,230349.0
338973.0,179816.0,213809.0,200143.0,89116.0
275781.0,270020.0,116102.0,200505.0,193312.0
182691.0,315001.0,35490.0,200284.0,0.0
250109.0,295798.0,472937.0,200032.0,62256.0
63058.0,151334.0,99666.0,200170.0,0.0
244587.0,218931.0,470199.0,199436.0,11163.0
373775.0,152317.0,39655.0,199536.0,94923.0
327692.0,176327.0,499573.0,199942.0,0.0
127419.0,191170.0,448023.0,200091.0,189265.0
199497.0,239062.0,447962.0,199942.0,84547.0
66699.0,257729.0,411882.0,200209.0,224741.0
329779.0,232129.0,496599.0,200065.0,0.0
308888.0,348813.0,205247.0,199849.0,280509.0
139114.0,158263.0,133527.0,199481.0,78486.0
189331.0,335924.0,480924.0,199905.0,20423.0
355418.0,172302.0,132048.0,200008.0,236204.0
271014.0,309448.0,137718.0,199258.0,0.0
139058.0,273830.0,95524.0,199875.0,9287.0
251906.0,325923.0,5695.0,199888.0,0.0
271117.0,200328.0,3799.0,199961.0,72880.0
187433.0,207634.0,285610.0,200053.0,121753.0
339827.0,269519.0,217561.0,200026.0,156860.0
280461.0,167027.0,46097.0,199753.0,0.0
211069.0,239676.0,42432.0,199908.0,166684.0
146092.0,159783.0,1590.0,200133.0,19030.0
364730.0,196513.0,163138.0,199468.0,173829.0
237188.0,208115.0,437955.0,199767.0,0.0
135090.0,272087.0,27533.0,199969.0,0.0
67478.0,218963.0,489342.0,200158.0,24518.0
195430.0,305296.0,345557.0,199557.0,0.0
294263.0,344471.0,375271.0,199461.0,0.0
287366.0,342141.0,494868.0,199350.0,0.0
75839.0,159992.0,26357.0,199259.0,243649.0
412264.0,289774.0,42042.0,200235.0,235571.0
119441.0,196725.0,484727.0,199614.0,0.0
66952.0,319392.0,131407.0,199964.0,0.0
309196.0,154559.0,167587.0,199657.0,0.0
204471.0,253071.0,297365.0,200635.0,0.0
168743.0,273625.0,44237.0,199186.0,86869.0
280833.0,234115.0,167394.0,200735.0,10055.0
135140.0,272779.0,339385.0,199367.0,12764.0
361383.0,254400.0,231934.0,200069.0,231482.0
28889.0,160312.0,454983.0,199332.0,8518.0
162172.0,234575.0,6776.0,199509.0,41139.0
198278.0,230257.0,10177.0,200095.0,224459.0
218413.0,202138.0,290034.0,199975.0,159644.0
128395.0,333343.0,360969.0,200120.0,0.0
418285.0,245731.0,174310.0,199493.0,0.0
25631.0,207758.0,475745.0,200110.0,44150.0
320965.0,220842.0,291179.0,199866.0,183410.0
130235.0,331206.0,496035.0,200480.0,0.0
127866.0,310173.0,146874.0,199579.0,136949.0
297672.0,305237.0,327284.0,199999.0,191932.0
215985.0,313642.0,120496.0,199768.0,98611.0
233020.0,282214.0,252773.0,200474.0,0.0
151796.0,201931.0,305861.0,199871.0,151843.0
197366.0,227745.0,169570.0,200326.0,0.0
115072.0,225159.0,359228.0,200056.0,149696.0
255439.0,181289.0,436788.0,200622.0,0.0
266920.0,197521.0,369594.0,199436.0,261911.0
139831.0,180820.0,2804.0,200673.0,149064.0
280734.0,326354.0,80129.0,199363.0,0.0
86863.0,339628.0,107689.0,200316.0,41237.0
232602.0,196339.0,498326.0,199840.0,312353.0
362405.0,287510.0,71608.0,199579.0,133355.0
280480.0,242411.0,58886.0,199094.0,101916.0
175049.0,167497.0,461157.0,199867.0,51452.0
219141.0,300499.0,470649.0,200009.0,76693.0
109416.0,279705.0,459567.0,200324.0,0.0
138451.0,150801.0,83841.0,199672.0,0.0
382808.0,336604.0,298473.0,200555.0,0.0
219590.0,342390.0,215460.0,199931.0,46884.0
325998.0,209631.0,238786.0,200452.0,216104.0
136415.0,222590.0,24078.0,200004.0,70530.0
250560.0,271803.0,452752.0,200106.0,0.0
21151.0,180830.0,6038.0,200111.0,0.0
168322.0,285103.0,65.0,199842.0,0.0
228301.0,315933.0,333810.0,200156.0,81524.0
208890.0,239027.0,34359.0,200262.0,171923.0
155887.0,204666.0,123506.0,200103.0,165319.0
73371.0,215050.0,277428.0,199771.0,96755.0
257123.0,278492.0,99809.0,200079.0,0.0
228392.0,292157.0,485331.0,200150.0,0.0
385919.0,348140.0,52447.0,200153.0,62944.0
226062.0,226937.0,319745.0,199610.0,70911.0
249327.0,156763.0,177184.0,200035.0,15901.0
211413.0,205393.0,14440.0,201111.0,59163.0
226851.0,201080.0,64533.0,200150.0,106279.0
0.0,150491.0,91276.0,200316.0,80763.0
227138.0,266297.0,1782.0,199503.0,0.0
55016.0,273200.0,396594.0,200119.0,0.0
141188.0,274420.0,91.0,199817.0,0.0
7799.0,238079.0,21017.0,199542.0,132438.0
128280.0,166198.0,7895.0,200125.0,32312.0
11031.0,257704.0,201535.0,199964.0,115999.0
0.0,243452.0,189957.0,199684.0,26473.0
188360.0,305591.0,15097.0,199893.0,46710.0
227334.0,229638.0,417781.0,199537.0,0.0
263161.0,274712.0,44695.0,199957.0,321181.0
62776.0,204325.0,1268.0,200056.0,0.0
64628.0,194532.0,168218.0,200205.0,0.0
117572.0,337152.0,223599.0,199447.0,102547.0
160893.0,223147.0,108369.0,200717.0,199089.0
15966.0,185747.0,144317.0,199576.0,34602.0
200500.0,250451.0,498416.0,199697.0,0.0
180145.0,340994.0,332397.0,200430.0,0.0
120195.0,320164.0,497513.0,199886.0,0.0
181921.0,341604.0,326710.0,199738.0,18224.0
188803.0,326582.0,497207.0,200196.0,75848.0
212056.0,230893.0,448862.0,199336.0,107244.0
153644.0,237031.0,33638.0,199835.0,21029.0
172964.0,160155.0,1102.0,199342.0,60458.0
160958.0,178827.0,24481.0,199495.0,0.0
229982.0,205970.0,22674.0,199542.0,58725.0
311914.0,235279.0,439415.0,200399.0,75918.0
210211.0,314487.0,32102.0,199861.0,42102.0
190824.0,332605.0,473565.0,200725.0,57499.0
94625.0,200014.0,322871.0,199418.0,70132.0
266609.0,184476.0,139.0,200613.0,88600.0
289852.0,315340.0,330407.0,199674.0,232712.0
210350.0,249001.0,269411.0,199818.0,119789.0
9352.0,204240.0,53900.0,199506.0,33422.0
147449.0,342087.0,381915.0,199839.0,0.0
376796.0,186710.0,104508.0,200111.0,97136.0
199847.0,263359.0,1630.0,199804.0,23788.0
70595.0,313337.0,422682.0,199908.0,39564.0
323134.0,283795.0,481918.0,200135.0,120314.0
204209.0,157229.0,324594.0,200597.0,195998.0
237406.0,221225.0,32191.0,199451.0,95493.0
226152.0,216208.0,292316.0,200686.0,0.0
267670.0,190504.0,471833.0,199962.0,0.0
195089.0,344106.0,410475.0,200496.0,179180.0
284199.0,171753.0,228123.0,199242.0,163504.0
224704.0,272302.0,364804.0,199102.0,0.0
182974.0,268116.0,1068.0,199714.0,25088.0
33638.0,228843.0,30653.0,200691.0,205995.0
338890.0,186961.0,364911.0,200146.0,69670.0
179873.0,345250.0,39890.0,200144.0,0.0
129087.0,151498.0,401268.0,199842.0,0.0
182363.0,207569.0,645.0,200140.0,119955.0
281175.0,309361.0,134282.0,200281.0,0.0
31468.0,339670.0,41333.0,200112.0,364738.0
336158.0,320340.0,416398.0,200297.0,125538.0
220792.0,263333.0,393073.0,199927.0,84833.0
221211.0,215947.0,60242.0,199623.0,29583.0
315087.0,196277.0,36535.0,199807.0,0.0
242164.0,284285.0,395778.0,200433.0,266201.0
74899.0,329443.0,409224.0,200005.0,98066.0
535331.0,171470.0,294262.0,200007.0,0.0
233285.0,201162.0,71670.0,199563.0,0.0
236692.0,229052.0,6491.0,199731.0,48526.0
0.0,181396.0,365736.0,199750.0,124228.0
21018.0,323346.0,3880.0,199159.0,0.0
148598.0,302162.0,256999.0,200894.0,46058.0
233148.0,232024.0,144293.0,199776.0,133064.0
184939.0,234687.0,486106.0,199961.0,0.0
114335.0,289196.0,226810.0,200282.0,29998.0
99694.0,162288.0,154198.0,199766.0,255885.0
174866.0,164778.0,280293.0,199680.0,166544.0
148069.0,263926.0,241930.0,199931.0,21876.0
255651.0,173628.0,72977.0,200219.0,0.0
141495.0,161471.0,494565.0,199384.0,221537.0
219474.0,335636.0,488718.0,200127.0,0.0
164121.0,190590.0,43020.0,199479.0,168613.0
184491.0,302809.0,122815.0,199735.0,11992.0
204089.0,250344.0,20426.0,200041.0,16562.0
219734.0,231874.0,499745.0,200808.0,0.0
284008.0,259527.0,291878.0,199372.0,83717.0
41454.0,191316.0,62776.0,199642.0,0.0
277285.0,331727.0,16733.0,200358.0,0.0
224825.0,338627.0,182650.0,200370.0,38530.0
237134.0,269276.0,497205.0,200192.0,163846.0
217968.0,281053.0,248663.0,200589.0,109716.0
168423.0,287389.0,488829.0,199837.0,128566.0
205832.0,314808.0,588.0,199903.0,28743.0
117949.0,202246.0,97210.0,200489.0,37425.0
130644.0,257938.0,497270.0,200059.0,0.0
180855.0,229874.0,332290.0,199774.0,0.0
182760.0,258581.0,490410.0,200919.0,145822.0
78626.0,303126.0,82815.0,199098.0,4287.0
101929.0,339032.0,23832.0,200466.0,88571.0
169200.0,233865.0,275999.0,200068.0,35671.0
33688.0,266688.0,31747.0,199674.0,88706.0
243200.0,255286.0,1239.0,199985.0,0.0
181358.0,260990.0,211470.0,200111.0,68627.0
0.0,267929.0,394597.0,199531.0,40249.0
289404.0,190375.0,124560.0,199969.0,116153.0
250255.0,275940.0,27832.0,199554.0,48905.0
303127.0,305433.0,279302.0,199652.0,134416.0
299613.0,343825.0,463346.0,200746.0,154900.0
98721.0,321527.0,85433.0,200472.0,47469.0
93771.0,290039.0,26304.0,200273.0,34732.0
78402.0,305677.0,467687.0,200320.0,108533.0
160238.0,180308.0,402093.0,199880.0,70142.0
132967.0,246823.0,360871.0,199530.0,87878.0
80953.0,331314.0,52008.0,199803.0,82433.0
284818.0,279483.0,225630.0,200414.0,132891.0
203086.0,298833.0,376758.0,199914.0,0.0
200459.0,302204.0,498038.0,199992.0,88611.0
233297.0,333688.0,170.0,199736.0,0.0
137699.0,233811.0,152006.0,199904.0,196904.0
134361.0,306132.0,386643.0,199988.0,27205.0
123991.0,236282.0,78784.0,199716.0,29361.0
254801.0,190448.0,11073.0,200184.0,257539.0
59506.0,173227.0,193687.0,200328.0,30708.0
0.0,255134.0,118772.0,199992.0,0.0
123912.0,161120.0,492583.0,200042.0,0.0
673.0,349493.0,443871.0,200231.0,2298.0
185729.0,274834.0,345067.0,199799.0,0.0
0.0,239354.0,349577.0,200266.0,110822.0
306353.0,174204.0,440969.0,200216.0,96088.0
143622.0,244046.0,404482.0,199684.0,33568.0
112694.0,249891.0,292045.0,200596.0,155641.0
371192.0,186928.0,346579.0,200086.0,88575.0
160906.0,245389.0,499945.0,199951.0,29221.0
168222.0,154836.0,376134.0,200178.0,259931.0
301135.0,198472.0,218142.0,200055.0,0.0
192360.0,235407.0,397103.0,199836.0,11532.0
93955.0,323441.0,156737.0,199347.0,86737.0
42045.0,185761.0,412876.0,200504.0,74536.0
0.0,247993.0,2887.0,199341.0,242472.0
234550.0,176164.0,78623.0,198986.0,0.0
280952.0,204703.0,2335.0,199729.0,0.0
308687.0,255770.0,498290.0,199999.0,213167.0
222807.0,207717.0,336024.0,199858.0,0.0
263189.0,188401.0,65966.0,200038.0,228491.0
63600.0,203685.0,401243.0,199644.0,163033.0
265522.0,251855.0,151794.0,200849.0,0.0
285828.0,226798.0,154050.0,200122.0,0.0
191934.0,293612.0,25695.0,199896.0,81495.0
220480.0,188105.0,287415.0,200345.0,53116.0
0.0,251716.0,464110.0,200018.0,70966.0
188966.0,321605.0,489114.0,199462.0,221687.0
233415.0,337662.0,397518.0,200327.0,0.0
366783.0,191803.0,275291.0,200200.0,20724.0
260882.0,227206.0,361340.0,200405.0,91422.0
139773.0,289690.0,200226.0,200092.0,86608.0
0.0,318628.0,382237.0,200003.0,0.0
420686.0,214282.0,213.0,200354.0,144806.0
343544.0,229336.0,463220.0,200009.0,32526.0
218123.0,338740.0,344717.0,199621.0,127949.0
274184.0,159145.0,376997.0,200595.0,69949.0
265061.0,240246.0,56884.0,199851.0,109544.0
82606.0,227584.0,407882.0,200075.0,96339.0
262327.0,234923.0,412491.0,199392.0,0.0
175681.0,163568.0,53047.0,200186.0,9285.0
0.0,233846.0,324296.0,199043.0,164387.0
169485.0,272955.0,103246.0,199456.0,0.0
378019.0,267945.0,18836.0,200312.0,0.0
44433.0,229591.0,66439.0,199942.0,160677.0
157682.0,218054.0,317410.0,200217.0,115939.0
137834.0,313494.0,463656.0,200539.0,99691.0
262430.0,210680.0,485660.0,199379.0,0.0
241774.0,344730.0,108702.0,199950.0,94692.0
58048.0,178854.0,70741.0,200442.0,142390.0
2964.0,271129.0,405890.0,199803.0,0.0
255229.0,289515.0,166033.0,200611.0,74576.0
8251.0,169827.0,184244.0,199775.0,59009.0
250074.0,310011.0,9879.0,200007.0,12095.0
0.0,332143.0,58121.0,200291.0,98574.0
275602.0,170424.0,476431.0,199326.0,114045.0
103228.0,300745.0,488367.0,200111.0,2441.0
0.0,152586.0,477830.0,200121.0,102852.0
257560.0,321973.0,429326.0,200047.0,322718.0
301857.0,199338.0,289727.0,198755.0,75270.0
137673.0,153974.0,469886.0,200265.0,57785.0
183241.0,223159.0,14791.0,200161.0,141619.0
0.0,160066.0,499776.0,200137.0,157500.0
142616.0,161753.0,274945.0,200086.0,0.0
323326.0,176137.0,2818.0,200091.0,164260.0
90315.0,182525.0,240509.0,199859.0,0.0
269665.0,282059.0,343217.0,200840.0,0.0
92648.0,275336.0,65580.0,200099.0,252322.0
280503.0,202742.0,2062.0,200352.0,218903.0
203200.0,187925.0,772.0,199514.0,33837.0
264243.0,302902.0,401911.0,199990.0,52131.0
167169.0,275272.0,247135.0,200122.0,65340.0
149196.0,269720.0,371986.0,200047.0,0.0
119929.0,180364.0,1755.0,199989.0,92516.0
386933.0,298183.0,488465.0,199622.0,0.0
160275.0,293605.0,289695.0,200121.0,0.0
242348.0,340211.0,402063.0,199945.0,79356.0
176566.0,190537.0,30895.0,200198.0,137060.0
231613.0,274227.0,7183.0,200099.0,0.0
202548.0,197518.0,221508.0,200227.0,174217.0
179111.0,196273.0,144091.0,200166.0,0.0
0.0,309449.0,351683.0,200008.0,0.0
8092.0,264714.0,272479.0,200314.0,23335.0
71865.0,190459.0,290146.0,199917.0,115173.0
155563.0,235182.0,312469.0,200118.0,2982.0
412258.0,193954.0,460954.0,200185.0,0.0
246089.0,237555.0,126442.0,200587.0,0.0
31954.0,196588.0,479386.0,200734.0,0.0
143818.0,302966.0,33317.0,200258.0,13651.0
231818.0,159709.0,499766.0,200113.0,24261.0
218094.0,182077.0,76862.0,200044.0,0.0
196984.0,327772.0,61320.0,199924.0,0.0
141963.0,338012.0,466480.0,200395.0,113880.0
327009.0,225297.0,226389.0,199711.0,0.0
268229.0,281297.0,190865.0,200328.0,71814.0
202744.0,214571.0,370466.0,199637.0,83609.0
195695.0,328138.0,348.0,200012.0,119818.0
217801.0,260562.0,232530.0,200249.0,59949.0
188545.0,316604.0,262653.0,200111.0,23588.0
240975.0,264430.0,446693.0,199018.0,164366.0
363138.0,267207.0,340572.0,199800.0,7783.0
123416.0,305365.0,297560.0,199785.0,179723.0
290318.0,248250.0,350680.0,199772.0,125768.0
107922.0,286527.0,587.0,199867.0,0.0
370596.0,311687.0,25377.0,200011.0,126796.0
208323.0,159149.0,43958.0,199873.0,0.0
174364.0,176892.0,34820.0,200098.0,37840.0
258959.0,269352.0,483309.0,199884.0,1681.0
65390.0,167259.0,335043.0,199746.0,0.0
186287.0,196959.0,165628.0,200313.0,59775.0
305086.0,212247.0,13909.0,200632.0,96032.0
186670.0,324716.0,278853.0,200267.0,234287.0
0.0,293245.0,225930.0,199880.0,144972.0
174398.0,153119.0,83520.0,200147.0,626.0
72789.0,151105.0,145903.0,200628.0,44416.0
136210.0,178838.0,2765.0,199864.0,314541.0
285851.0,240560.0,318632.0,200391.0,10278.0
316967.0,252645.0,347143.0,200217.0,0.0
231686.0,209387.0,312507.0,200105.0,112602.0
282694.0,244081.0,378826.0,199588.0,0.0
26634.0,194662.0,70694.0,200304.0,211461.0
80698.0,263210.0,446995.0,200361.0,0.0
337876.0,281678.0,472371.0,200120.0,0.0
193379.0,216584.0,77688.0,200232.0,0.0
141026.0,300541.0,463317.0,199177.0,288378.0
253014.0,259317.0,418247.0,200551.0,0.0
248067.0,331820.0,472199.0,199760.0,34585.0
272198.0,248282.0,33315.0,199781.0,85675.0
281829.0,167018.0,7502.0,199532.0,185903.0
400726.0,223618.0,453323.0,199632.0,93195.0
41054.0,257545.0,33439.0,200126.0,200353.0
246108.0,216617.0,196048.0,199971.0,206402.0
286054.0,305745.0,335934.0,200197.0,1017.0
341608.0,194020.0,307511.0,199211.0,121503.0
345207.0,230773.0,426162.0,200314.0,54370.0
0.0,204212.0,61837.0,200200.0,75492.0
310977.0,223140.0,280016.0,199773.0,234202.0
381546.0,331280.0,216470.0,199884.0,72092.0
139443.0,176720.0,29654.0,200203.0,113687.0
282657.0,171552.0,499586.0,199845.0,0.0
188453.0,189034.0,463843.0,199576.0,141425.0
208600.0,239484.0,384364.0,200750.0,35691.0
437646.0,343899.0,354013.0,200361.0,126483.0
138541.0,284258.0,1619.0,200362.0,49309.0
0.0,347567.0,496660.0,199786.0,101242.0
216324.0,233769.0,2205.0,200002.0,15215.0
229822.0,302305.0,23379.0,199977.0,24685.0
243539.0,267580.0,104058.0,199707.0,172984.0
213033.0,275122.0,461662.0,200161.0,85070.0
235479.0,246064.0,129158.0,200321.0,26144.0
151833.0,235819.0,22805.0,200059.0,0.0
154996.0,337186.0,329724.0,200369.0,39968.0
212064.0,330207.0,259343.0,200745.0,3640.0
245710.0,297109.0,492899.0,199821.0,0.0
195467.0,267342.0,168370.0,200143.0,0.0
178679.0,216707.0,54940.0,200268.0,3916.0
286487.0,272213.0,111003.0,199366.0,88885.0
182551.0,315395.0,492308.0,200345.0,97322.0
218332.0,231091.0,330587.0,199428.0,120672.0
222560.0,192545.0,344633.0,199537.0,0.0
132231.0,336351.0,91648.0,200524.0,138705.0
116720.0,274999.0,202486.0,199149.0,0.0
167322.0,339189.0,481118.0,200153.0,0.0
74686.0,201508.0,429616.0,199194.0,0.0
182092.0,159414.0,179609.0,199471.0,56843.0
263254.0,268942.0,21816.0,200450.0,67137.0
157804.0,297843.0,108333.0,199818.0,160066.0
199050.0,221170.0,67837.0,199880.0,66026.0
262261.0,258632.0,30442.0,199964.0,114327.0
380855.0,220568.0,384106.0,200039.0,0.0
214173.0,165302.0,398441.0,199538.0,98587.0
161684.0,160098.0,89161.0,200198.0,0.0
200758.0,205322.0,460024.0,200492.0,164724.0
399357.0,321985.0,347680.0,199633.0,0.0
185339.0,254243.0,249832.0,199802.0,138390.0
305353.0,176719.0,151297.0,200086.0,138656.0
348255.0,275913.0,493142.0,200610.0,47740.0
40201.0,194096.0,498810.0,200091.0,151460.0
388353.0,223419.0,294820.0,199901.0,1079.0
327696.0,307845.0,365106.0,200364.0,116262.0
136711.0,267454.0,20578.0,200034.0,104223.0
202965.0,243244.0,8435.0,200042.0,76322.0
349193.0,315630.0,5379.0,199987.0,117109.0
220225.0,211450.0,432032.0,199824.0,0.0
333660.0,220942.0,278256.0,199063.0,0.0
282015.0,288044.0,339396.0,199055.0,202040.0
93946.0,242705.0,373146.0,200133.0,150537.0
30724.0,158981.0,12913.0,200604.0,156028.0
476065.0,177794.0,13065.0,200072.0,0.0
128033.0,237276.0,443653.0,199541.0,167745.0
303036.0,272973.0,455873.0,200356.0,45982.0
248861.0,264509.0,327604.0,200547.0,53558.0
201420.0,329640.0,124689.0,199894.0,94790.0
210329.0,168683.0,342998.0,200009.0,131529.0
354554.0,243888.0,329445.0,199768.0,50784.0
317189.0,224673.0,9079.0,200293.0,0.0
381102.0,238803.0,268692.0,199757.0,0.0
0.0,209193.0,462112.0,200101.0,0.0
312810.0,344215.0,384002.0,199549.0,0.0
92857.0,214611.0,109842.0,200495.0,0.0
174492.0,153973.0,404778.0,199590.0,56898.0
241439.0,193860.0,101469.0,200031.0,58107.0
179114.0,300592.0,325682.0,199289.0,114034.0
322062.0,326243.0,472210.0,199602.0,0.0
289541.0,201218.0,335310.0,200419.0,294300.0
13909.0,255319.0,77064.0,200475.0,0.0
118974.0,215094.0,431285.0,200488.0,223128.0
212417.0,194910.0,22425.0,200769.0,39966.0
440534.0,325982.0,398366.0,200218.0,102643.0
180507.0,183163.0,320823.0,200885.0,0.0
236159.0,299583.0,144952.0,199350.0,87083.0
60041.0,273308.0,463179.0,199328.0,123558.0
42349.0,326921.0,370782.0,200153.0,6302.0
157771.0,218743.0,263454.0,200350.0,0.0
187482.0,271597.0,210542.0,200046.0,143462.0
119563.0,182617.0,264844.0,200281.0,199850.0
366417.0,261315.0,126579.0,199944.0,97989.0
78549.0,305471.0,8333.0,200049.0,0.0
157240.0,261712.0,382868.0,200273.0,0.0
166623.0,293775.0,261.0,200242.0,0.0
185982.0,244715.0,496626.0,200630.0,0.0
49275.0,291716.0,242634.0,200496.0,0.0
149403.0,209132.0,2962.0,199649.0,0.0
278224.0,294749.0,386439.0,199805.0,102333.0
217094.0,325065.0,51988.0,199812.0,185517.0
140730.0,177595.0,118045.0,200211.0,0.0
161404.0,227015.0,146127.0,199352.0,117943.0
184157.0,218586.0,30430.0,200194.0,0.0
145689.0,327716.0,492283.0,200533.0,0.0
210331.0,259156.0,476015.0,200307.0,83340.0
107112.0,277260.0,499334.0,199752.0,0.0
213836.0,262265.0,322490.0,199119.0,59830.0
283114.0,168250.0,454340.0,200553.0,175176.0
278517.0,179809.0,499652.0,199881.0,199182.0
276283.0,236972.0,311426.0,200286.0,0.0
122444.0,202434.0,36319.0,200282.0,98330.0
3541.0,332051.0,411404.0,200242.0,83346.0
256535.0,338561.0,497963.0,200223.0,0.0
156012.0,182227.0,105029.0,199657.0,0.0
237256.0,300049.0,164829.0,199846.0,0.0
264099.0,217203.0,216911.0,200729.0,0.0
227937.0,315730.0,478362.0,199803.0,248601.0
401772.0,298047.0,92704.0,199991.0,31793.0
196547.0,340813.0,93091.0,200387.0,0.0
140310.0,276133.0,180929.0,200139.0,71125.0
230630.0,233173.0,403350.0,199281.0,0.0
214744.0,189870.0,266644.0,199814.0,104972.0
186835.0,234951.0,484677.0,199848.0,0.0
105283.0,164995.0,499983.0,200817.0,0.0
168631.0,219028.0,433190.0,199487.0,53164.0
163499.0,301588.0,470727.0,199848.0,386547.0
84103.0,167513.0,279852.0,200168.0,36578.0
226112.0,186880.0,152742.0,199610.0,0.0
125478.0,222793.0,484876.0,200318.0,0.0
166076.0,263844.0,175012.0,199844.0,11836.0
172185.0,242151.0,219269.0,200009.0,45436.0
217497.0,276068.0,21022.0,200352.0,15869.0
202742.0,338312.0,43981.0,199658.0,61364.0
336524.0,238312.0,52840.0,200239.0,5499.0
242366.0,266795.0,85999.0,199644.0,106345.0
260752.0,300299.0,85736.0,200311.0,276343.0
10545.0,340030.0,1445.0,200048.0,63581.0
257244.0,280949.0,267785.0,199958.0,204325.0
290119.0,208851.0,468673.0,200847.0,109215.0
331931.0,201782.0,426987.0,199766.0,113049.0
187762.0,225702.0,134191.0,200695.0,0.0
175009.0,317552.0,12151.0,199924.0,269951.0
387239.0,182077.0,135300.0,199922.0,7296.0
113851.0,160450.0,487204.0,200287.0,0.0
150166.0,291986.0,278593.0,200111.0,0.0
84599.0,237498.0,236.0,199960.0,126270.0
50107.0,314056.0,45122.0,200088.0,248881.0
254514.0,173483.0,445981.0,200501.0,0.0
225255.0,333197.0,320949.0,200046.0,136541.0
365968.0,179183.0,217500.0,200173.0,71480.0
134781.0,298963.0,188069.0,199931.0,0.0
231969.0,220616.0,203855.0,200142.0,14746.0
232473.0,165828.0,291711.0,200188.0,136510.0
375450.0,186319.0,187199.0,200088.0,0.0
311445.0,221443.0,405077.0,200429.0,0.0
319132.0,173617.0,42117.0,200636.0,0.0
181662.0,250304.0,138038.0,200575.0,0.0
70405.0,150317.0,3354.0,200502.0,31187.0
144310.0,338097.0,495126.0,200123.0,114173.0
116722.0,298134.0,496729.0,199861.0,0.0
132020.0,211583.0,1609.0,199978.0,0.0
285846.0,168191.0,160204.0,199978.0,44064.0
136903.0,225335.0,2453.0,200109.0,164301.0
75345.0,253960.0,26451.0,200030.0,11229.0
135656.0,216577.0,482665.0,200504.0,10299.0
240901.0,281802.0,368373.0,200423.0,0.0
248285.0,247715.0,499868.0,199732.0,98642.0
329037.0,196881.0,2192.0,199858.0,0.0
290697.0,346910.0,49329.0,200556.0,51399.0
137051.0,204981.0,22961.0,199345.0,161709.0
143832.0,181795.0,296294.0,200072.0,264168.0
65038.0,215200.0,459892.0,200664.0,36773.0
204636.0,168209.0,498557.0,199789.0,32484.0
219918.0,233665.0,385068.0,200531.0,58757.0
248102.0,233649.0,245287.0,200519.0,38894.0
446638.0,209635.0,32231.0,200443.0,0.0
57827.0,231178.0,286194.0,199958.0,0.0
188320.0,189762.0,198342.0,200409.0,50929.0
225793.0,339386.0,493928.0,199670.0,133954.0
148291.0,312729.0,75394.0,199893.0,7253.0
166132.0,189000.0,169892.0,200172.0,30724.0
265434.0,177944.0,455604.0,200057.0,251276.0
358756.0,322767.0,342653.0,200325.0,19356.0
101923.0,337766.0,487072.0,199984.0,11555.0
137288.0,262817.0,470688.0,199627.0,32862.0
337707.0,174224.0,8124.0,199981.0,31879.0
122606.0,294851.0,328732.0,200579.0,105227.0
119308.0,194626.0,41295.0,200141.0,0.0
0.0,225335.0,83127.0,199592.0,208543.0
244728.0,262075.0,499987.0,200404.0,86160.0
254923.0,328195.0,31065.0,199727.0,50919.0
130428.0,310298.0,141992.0,200825.0,0.0
228348.0,270043.0,466234.0,199213.0,204563.0
284093.0,279312.0,344268.0,200347.0,21620.0
140241.0,314346.0,5485.0,199501.0,0.0
234924.0,268186.0,393369.0,199849.0,75876.0
142643.0,165981.0,380550.0,199571.0,75669.0
277838.0,198419.0,247226.0,199691.0,16198.0
261837.0,174137.0,463426.0,200022.0,125550.0
126963.0,337186.0,408650.0,200238.0,197980.0
165928.0,342694.0,485719.0,199984.0,170445.0
77050.0,197554.0,108993.0,199942.0,0.0
353561.0,205029.0,487369.0,199604.0,80429.0
179682.0,258803.0,22205.0,200258.0,0.0
223273.0,218038.0,423429.0,200422.0,123810.0
197158.0,280746.0,37700.0,200174.0,168273.0
133615.0,319332.0,68910.0,200290.0,209737.0
123939.0,258067.0,8576.0,200471.0,72314.0
180131.0,265888.0,499653.0,199418.0,33145.0
222425.0,308895.0,225629.0,200268.0,129821.0
110815.0,298792.0,13715.0,200216.0,0.0
225984.0,189680.0,476168.0,200274.0,95345.0
66326.0,326036.0,387281.0,201271.0,0.0
327250.0,248424.0,236459.0,200038.0,70123.0
299711.0,194376.0,439893.0,200343.0,0.0
327844.0,189549.0,385536.0,199932.0,0.0
238054.0,277127.0,305227.0,199810.0,0.0
205567.0,206235.0,498703.0,200021.0,0.0
247307.0,228951.0,255799.0,200011.0,208524.0
63554.0,216324.0,499653.0,199704.0,0.0
7629.0,184815.0,431724.0,199788.0,73432.0
115228.0,271948.0,13341.0,199938.0,0.0
67801.0,204099.0,483762.0,200695.0,0.0
114687.0,154735.0,102346.0,200303.0,101599.0
235546.0,150710.0,342189.0,199661.0,61576.0
96205.0,153774.0,499024.0,200274.0,19026.0
14521.0,281597.0,437477.0,199367.0,174648.0
313246.0,331133.0,67016.0,199264.0,98870.0
230437.0,310564.0,16.0,199989.0,96872.0
121906.0,330193.0,1189.0,199660.0,119238.0
191467.0,207898.0,449913.0,200146.0,0.0
291039.0,266789.0,244823.0,201080.0,34488.0
152268.0,311751.0,145326.0,200231.0,78569.0
377883.0,196898.0,2121.0,200138.0,51823.0
80933.0,318665.0,401047.0,200815.0,0.0
139127.0,229324.0,13585.0,200448.0,256729.0
106877.0,321708.0,49001.0,200406.0,128369.0
219477.0,300322.0,25506.0,199562.0,149732.0
380641.0,305870.0,339077.0,200000.0,54751.0
313576.0,325471.0,468191.0,199948.0,0.0
161042.0,343225.0,496954.0,199654.0,0.0
41143.0,340094.0,293941.0,200383.0,133949.0
340620.0,309816.0,114268.0,199953.0,115558.0
335662.0,244897.0,98701.0,200425.0,26209.0
351794.0,261174.0,930.0,199540.0,0.0
264898.0,272153.0,499583.0,200603.0,0.0
194550.0,187434.0,222050.0,199954.0,147173.0
109697.0,233424.0,495992.0,199549.0,0.0
262157.0,166739.0,493080.0,199783.0,0.0
143509.0,179792.0,307759.0,200438.0,228347.0
255772.0,235599.0,1936.0,199533.0,0.0
28582.0,287657.0,51353.0,199521.0,21180.0
87435.0,214229.0,461678.0,200076.0,270218.0
140414.0,179602.0,407097.0,200324.0,339053.0
309019.0,165168.0,428488.0,199864.0,0.0
388078.0,166998.0,172009.0,199892.0,145947.0
196108.0,243506.0,29060.0,200057.0,0.0
59015.0,298961.0,499076.0,200162.0,0.0
300998.0,285974.0,36699.0,200078.0,0.0
341189.0,198964.0,273437.0,199618.0,0.0
129189.0,314005.0,447066.0,199439.0,0.0
61481.0,255232.0,89655.0,199886.0,227581.0
300978.0,309147.0,416604.0,199672.0,26301.0
242968.0,246115.0,12371.0,199546.0,140248.0
195220.0,189007.0,11628.0,199257.0,63439.0
0.0,266343.0,399814.0,199807.0,0.0
144825.0,178064.0,480714.0,200246.0,84598.0
329418.0,187294.0,378589.0,199347.0,140380.0
286974.0,198480.0,25803.0,199438.0,0.0
196170.0,240016.0,28798.0,199918.0,94531.0
91032.0,189947.0,449091.0,199882.0,0.0
419840.0,201242.0,457003.0,199959.0,170223.0
218494.0,324349.0,424667.0,200108.0,27331.0
174215.0,218012.0,466761.0,200335.0,369.0
286378.0,273296.0,499640.0,199941.0,0.0
0.0,267165.0,202678.0,200348.0,0.0
137600.0,151521.0,125988.0,199681.0,29511.0
392485.0,258989.0,498645.0,200372.0,8785.0
190791.0,285681.0,192798.0,200037.0,87754.0
247774.0,328220.0,456571.0,199750.0,129450.0
128785.0,300090.0,407076.0,200084.0,63139.0
277036.0,213664.0,1340.0,200189.0,35637.0
266331.0,258459.0,314770.0,200967.0,16230.0
237349.0,347411.0,453567.0,200091.0,99685.0
246302.0,260421.0,105788.0,200124.0,25548.0
304744.0,167169.0,63616.0,200918.0,81397.0
308740.0,279356.0,212009.0,199853.0,88878.0
291575.0,175173.0,49865.0,199948.0,104806.0
193494.0,213008.0,269552.0,199793.0,142781.0
332206.0,221048.0,499036.0,199739.0,11492.0
109604.0,280041.0,117702.0,199966.0,68900.0
130382.0,189973.0,205210.0,200322.0,151021.0
242282.0,162478.0,454689.0,199994.0,0.0
200576.0,309712.0,279594.0,199585.0,107251.0
241928.0,223175.0,424042.0,199882.0,0.0
316014.0,344703.0,476652.0,200608.0,277442.0
263988.0,203670.0,417282.0,200038.0,61014.0
0.0,224623.0,165001.0,200507.0,74643.0
37337.0,199920.0,146885.0,199474.0,4908.0
5596.0,291354.0,65055.0,199242.0,123865.0
198330.0,263233.0,69865.0,199804.0,0.0
97177.0,335455.0,470328.0,200187.0,50088.0
126514.0,344373.0,442163.0,199437.0,3528.0
298996.0,183384.0,43154.0,199478.0,20899.0
199824.0,334671.0,107319.0,200267.0,123268.0
358639.0,245093.0,201963.0,199373.0,33203.0
272028.0,220519.0,307847.0,200024.0,51729.0
158307.0,345549.0,269128.0,198657.0,160700.0
193291.0,292220.0,331628.0,200643.0,0.0
146802.0,327902.0,2437.0,200282.0,169612.0
262653.0,338347.0,224858.0,199385.0,0.0
114302.0,164426.0,253520.0,199774.0,133218.0
109169.0,269947.0,196312.0,199592.0,93752.0
223659.0,210097.0,25668.0,200167.0,0.0
121701.0,166137.0,334141.0,199976.0,145635.0
164210.0,311491.0,497934.0,199257.0,88528.0
141869.0,219502.0,363145.0,200030.0,200993.0
266572.0,313270.0,161295.0,200421.0,18995.0
96977.0,347479.0,239484.0,200235.0,9312.0
196060.0,227934.0,118443.0,199713.0,77036.0
56376.0,175194.0,440015.0,199717.0,104915.0
122130.0,205467.0,499073.0,199567.0,0.0
97485.0,347847.0,499817.0,199991.0,80595.0
65117.0,152054.0,243694.0,199193.0,254005.0
121185.0,253521.0,22177.0,199801.0,0.0
495840.0,201948.0,380417.0,199791.0,1528.0
49810.0,197185.0,360584.0,199605.0,55994.0
155543.0,189637.0,457842.0,199764.0,0.0
205973.0,333413.0,149572.0,200999.0,0.0
260140.0,182068.0,403147.0,200598.0,228714.0
171872.0,235514.0,11620.0,200227.0,0.0
280397.0,175752.0,107771.0,200032.0,0.0
159265.0,220907.0,6094.0,199724.0,348691.0
228887.0,154970.0,89884.0,200053.0,0.0
115737.0,324560.0,116156.0,201212.0,44103.0
92157.0,273419.0,26814.0,199528.0,0.0
149104.0,274628.0,226671.0,199646.0,0.0
291138.0,256316.0,483892.0,199922.0,16389.0
316000.0,161893.0,452573.0,199773.0,115641.0
354559.0,231097.0,167054.0,200050.0,139567.0
310298.0,231440.0,30302.0,200380.0,76716.0
156016.0,203741.0,445690.0,199365.0,26187.0
138969.0,215842.0,18497.0,200955.0,72112.0
224940.0,167778.0,453034.0,199957.0,117366.0
187167.0,196357.0,90024.0,200645.0,57812.0
227014.0,328615.0,494316.0,199905.0,160849.0
240459.0,216301.0,37825.0,200101.0,96539.0
115897.0,340765.0,347733.0,199931.0,99531.0
139192.0,154268.0,33316.0,200172.0,0.0
70444.0,274927.0,490787.0,200019.0,0.0
274234.0,159439.0,133.0,199180.0,84331.0
220240.0,296094.0,225688.0,199968.0,0.0
319427.0,221634.0,130450.0,200104.0,20148.0
343428.0,152102.0,495923.0,200330.0,0.0
42716.0,247003.0,482158.0,199951.0,40555.0
264472.0,301843.0,436188.0,200199.0,72785.0
231988.0,169526.0,18213.0,200353.0,0.0
348873.0,325255.0,154673.0,200548.0,40518.0
219663.0,192072.0,163250.0,200782.0,27944.0
178889.0,188221.0,124532.0,200287.0,53080.0
196869.0,230798.0,438320.0,200234.0,0.0
294985.0,307341.0,325511.0,200380.0,42804.0
45185.0,256919.0,75166.0,199753.0,0.0
270037.0,168082.0,317054.0,199552.0,67836.0
51407.0,271761.0,272497.0,200019.0,0.0
202012.0,220150.0,460643.0,200359.0,103941.0
214773.0,299112.0,376139.0,200093.0,0.0
278625.0,168811.0,392195.0,199853.0,0.0
371893.0,268164.0,453629.0,200370.0,115180.0
165913.0,331014.0,73717.0,199599.0,35926.0
259864.0,272439.0,608.0,199193.0,87404.0
63191.0,208012.0,33612.0,200028.0,101460.0
91895.0,240065.0,73401.0,199591.0,55535.0
325242.0,318418.0,130831.0,199865.0,116494.0
196044.0,287732.0,87493.0,200309.0,0.0
109358.0,313488.0,6668.0,200501.0,0.0
101658.0,289124.0,8041.0,199726.0,76029.0
196714.0,313223.0,117090.0,200300.0,56234.0
162091.0,262581.0,336099.0,199850.0,0.0
250861.0,199410.0,147337.0,200463.0,25100.0
109351.0,233551.0,489468.0,200113.0,289983.0
251595.0,286490.0,386504.0,200133.0,78183.0
117149.0,266280.0,464967.0,199452.0,16874.0
177903.0,222549.0,24068.0,199947.0,0.0
208323.0,239589.0,406089.0,201003.0,91248.0
288739.0,216544.0,3857.0,199730.0,156356.0
223340.0,244867.0,496419.0,200540.0,0.0
313132.0,263835.0,397825.0,200680.0,53304.0
130499.0,262197.0,300909.0,200027.0,0.0
181392.0,284468.0,2014.0,199465.0,9040.0
198298.0,216044.0,162.0,200052.0,18445.0
167469.0,170692.0,131311.0,199662.0,0.0
305928.0,252935.0,41395.0,199976.0,98754.0
190167.0,257170.0,41502.0,199661.0,0.0
0.0,182829.0,77153.0,200040.0,0.0
246512.0,151258.0,49434.0,199881.0,30625.0
239461.0,177245.0,499469.0,198986.0,125487.0
181693.0,247042.0,6171.0,199652.0,70626.0
273576.0,324580.0,498682.0,200642.0,209467.0
49853.0,231459.0,359910.0,200091.0,0.0
312681.0,259980.0,97583.0,199482.0,45498.0
375105.0,214119.0,339212.0,199885.0,219259.0
215896.0,237355.0,383108.0,200093.0,88258.0
327775.0,262205.0,279873.0,200843.0,0.0
249095.0,239834.0,487244.0,200372.0,130850.0
328614.0,300516.0,128978.0,199564.0,0.0
257767.0,335621.0,2195.0,199757.0,102329.0
216130.0,349701.0,65380.0,200493.0,180374.0
0.0,279076.0,450434.0,199945.0,5030.0
255023.0,336211.0,458765.0,199685.0,0.0
317675.0,233436.0,91367.0,199362.0,63663.0
243207.0,335502.0,21445.0,199807.0,20730.0
245295.0,210767.0,364183.0,200282.0,136565.0
427625.0,173761.0,81594.0,199622.0,9493.0
344651.0,219809.0,495062.0,200107.0,0.0
121518.0,221738.0,190409.0,199914.0,104067.0
212804.0,239917.0,6645.0,199711.0,214542.0
29629.0,151933.0,84799.0,198765.0,194780.0
143045.0,261158.0,153158.0,199949.0,213140.0
229377.0,266411.0,494818.0,199795.0,143892.0
219619.0,171150.0,375801.0,199651.0,72511.0
1824.0,314574.0,305882.0,200433.0,0.0
202402.0,339054.0,427537.0,199560.0,0.0
0.0,211187.0,5406.0,200486.0,0.0
29394.0,318487.0,965.0,200440.0,144663.0
264463.0,315856.0,2042.0,199646.0,177130.0
156630.0,285209.0,367320.0,200125.0,125462.0
286426.0,180042.0,51025.0,199098.0,164227.0
234747.0,257546.0,301876.0,199618.0,0.0
174379.0,246962.0,1016.0,199577.0,86550.0
249261.0,263389.0,12702.0,200308.0,49155.0
89929.0,258089.0,476859.0,200172.0,236480.0
154825.0,266360.0,513.0,199990.0,31376.0
45815.0,276600.0,334535.0,199713.0,0.0
0.0,200253.0,45753.0,200092.0,205005.0
213008.0,211468.0,97193.0,200683.0,58052.0
204821.0,173325.0,493199.0,199971.0,10406.0
218958.0,160468.0,245427.0,199635.0,10172.0
336468.0,292839.0,245282.0,199295.0,0.0
94841.0,230582.0,162974.0,200021.0,70026.0
309546.0,342688.0,493951.0,199149.0,0.0
154677.0,186220.0,271971.0,200324.0,80273.0
308282.0,250108.0,251566.0,199871.0,0.0
125491.0,346630.0,143382.0,200437.0,51265.0
140883.0,255532.0,460004.0,199722.0,202904.0
39641.0,209567.0,463724.0,200077.0,17865.0
288681.0,234756.0,378340.0,200100.0,61786.0
124280.0,288109.0,366686.0,200149.0,0.0
135877.0,339188.0,484771.0,199924.0,97447.0
293510.0,242285.0,58352.0,199040.0,67248.0
238604.0,192360.0,314.0,199928.0,33851.0
214281.0,161061.0,443644.0,199273.0,0.0
55010.0,221246.0,307456.0,200427.0,166983.0
270412.0,302251.0,43460.0,200358.0,76971.0
74483.0,231342.0,484687.0,199976.0,0.0
7426.0,232273.0,414971.0,200259.0,102811.0
55541.0,232506.0,467634.0,200100.0,22240.0
237302.0,279364.0,929.0,200928.0,13784.0
96318.0,338046.0,448854.0,199575.0,268401.0
202595.0,332843.0,75756.0,200201.0,36653.0
190721.0,340019.0,73327.0,200168.0,16926.0
176024.0,302339.0,73129.0,200224.0,140662.0
190055.0,289792.0,316090.0,200229.0,131203.0
202932.0,254105.0,447125.0,199703.0,0.0
49309.0,338044.0,20425.0,200295.0,353273.0
247371.0,201345.0,40966.0,200537.0,96498.0
226848.0,156253.0,161992.0,200096.0,0.0
166804.0,341325.0,468171.0,200331.0,163670.0
141635.0,239626.0,490693.0,200664.0,139738.0
242471.0,310622.0,488122.0,200297.0,190091.0
358444.0,222171.0,63595.0,199413.0,175904.0
377320.0,259393.0,3523.0,199904.0,0.0
140508.0,190098.0,217.0,199654.0,102785.0
192522.0,268117.0,33529.0,200789.0,60177.0
111399.0,323495.0,318599.0,199979.0,151428.0
307477.0,169335.0,70931.0,199561.0,0.0
145464.0,286644.0,8264.0,200143.0,0.0
253734.0,254741.0,445270.0,200406.0,36905.0
76664.0,276190.0,442774.0,199462.0,140189.0
419843.0,264207.0,212891.0,199603.0,0.0
343322.0,206315.0,290682.0,200491.0,195445.0
198433.0,194825.0,285675.0,199970.0,0.0
216247.0,217924.0,498295.0,199967.0,60696.0
14561.0,295862.0,114450.0,200166.0,46471.0
335724.0,192679.0,69851.0,200115.0,0.0
423702.0,165679.0,461344.0,199871.0,102773.0
206184.0,238297.0,408431.0,200477.0,0.0
228786.0,181631.0,338326.0,199847.0,218118.0
222841.0,156335.0,255358.0,199933.0,0.0
165565.0,165601.0,3793.0,199394.0,0.0
330328.0,307206.0,203121.0,200015.0,0.0
286789.0,173869.0,202206.0,200028.0,132243.0
193724.0,250555.0,173639.0,199635.0,136822.0
93149.0,339842.0,499023.0,199870.0,67531.0
207647.0,186572.0,495660.0,200326.0,138533.0
46352.0,320086.0,30464.0,199596.0,218767.0
173441.0,338314.0,447605.0,200897.0,59492.0
230111.0,207630.0,95207.0,199797.0,49039.0
0.0,346444.0,47578.0,199560.0,67654.0
108086.0,226505.0,447923.0,199783.0,0.0
296910.0,159855.0,476416.0,199774.0,11735.0
125675.0,241063.0,5182.0,199590.0,42132.0
141236.0,257611.0,497314.0,199842.0,0.0
161427.0,289720.0,43326.0,199666.0,169609.0
182825.0,264831.0,55608.0,199375.0,78623.0
91727.0,333681.0,207351.0,199702.0,132547.0
230625.0,285247.0,490795.0,200021.0,167277.0
272685.0,345917.0,45462.0,200823.0,189542.0
140871.0,219516.0,489763.0,199882.0,5333.0
127736.0,159064.0,139019.0,200037.0,5527.0
131326.0,214075.0,88674.0,200047.0,0.0
232337.0,215766.0,361950.0,199874.0,12186.0
170075.0,206518.0,269441.0,199594.0,129066.0
165018.0,340472.0,2034.0,199884.0,158762.0
176567.0,195753.0,250382.0,200105.0,0.0
364491.0,242450.0,70530.0,199783.0,97125.0
283295.0,213304.0,421157.0,200425.0,0.0
54226.0,160271.0,499285.0,200601.0,79695.0
371580.0,322326.0,617.0,199993.0,120229.0
343771.0,189146.0,475408.0,199948.0,128745.0
140645.0,284662.0,494211.0,199653.0,23732.0
266976.0,282061.0,481512.0,199431.0,76414.0
634.0,348437.0,101205.0,199808.0,178232.0
89974.0,259413.0,241.0,199986.0,176021.0
84552.0,158995.0,168644.0,200081.0,144323.0
165276.0,159375.0,492067.0,200186.0,118485.0
385800.0,226239.0,488782.0,199212.0,0.0
249386.0,300173.0,456483.0,200434.0,122822.0
252601.0,332527.0,496254.0,200659.0,94255.0
222866.0,254051.0,359474.0,200018.0,21445.0
216359.0,181027.0,483447.0,199192.0,0.0
57488.0,193872.0,83655.0,200431.0,0.0
195329.0,288807.0,187434.0,199905.0,59841.0
101567.0,323229.0,16134.0,200397.0,162975.0
333492.0,298117.0,153991.0,199806.0,132849.0
367974.0,297097.0,22829.0,200035.0,0.0
126306.0,214151.0,317768.0,200247.0,0.0
102040.0,312093.0,16690.0,200189.0,73548.0
258534.0,269534.0,498351.0,200639.0,0.0
201525.0,247603.0,422434.0,199484.0,269184.0
14903.0,280517.0,47448.0,200003.0,241747.0
243226.0,265361.0,59067.0,200041.0,61929.0
198264.0,290431.0,99659.0,199648.0,172364.0
301680.0,345826.0,468272.0,199892.0,16259.0
192282.0,175525.0,35907.0,200178.0,74410.0
200066.0,164678.0,489927.0,199888.0,127532.0
20702.0,164229.0,486129.0,200114.0,183885.0
242564.0,257560.0,448595.0,199821.0,74650.0
245280.0,330065.0,4774.0,199599.0,0.0
195728.0,287260.0,219222.0,200532.0,0.0
218362.0,222391.0,54669.0,200236.0,11537.0
227517.0,204723.0,270764.0,199660.0,108402.0
187025.0,303861.0,51825.0,200629.0,222558.0
106586.0,318813.0,9303.0,200113.0,0.0
50069.0,281026.0,449365.0,199599.0,57161.0
272225.0,176247.0,497867.0,199871.0,107029.0
302185.0,180035.0,5042.0,199749.0,0.0
71751.0,160707.0,57036.0,199670.0,57001.0
218166.0,230552.0,23343.0,200455.0,58671.0
211114.0,292656.0,97153.0,200364.0,40092.0
326261.0,177325.0,95627.0,200160.0,164533.0
252596.0,181798.0,458660.0,200449.0,7416.0
230191.0,187715.0,356790.0,199042.0,93596.0
192242.0,294671.0,311642.0,199885.0,0.0
310531.0,285857.0,166188.0,200184.0,136895.0
237561.0,270469.0,115291.0,199807.0,61051.0
216529.0,261005.0,86027.0,200510.0,0.0
250277.0,220901.0,481138.0,199800.0,2573.0
251051.0,248136.0,380400.0,200100.0,124209.0
219008.0,342254.0,144449.0,200241.0,0.0
